Compound_Name,Gene,Accession_number,Sense_20mer,MRNA_50mer_Window,Native_Avg_Pct_Untreated,Native_STDEV,Reporter_Avg_Pct_Untreated,Reporter_STDEV,Dataset
APP_387_Blunt_2'-OMe/-F,APP,NM_000484,ACUGCAGAUCACCAAUGUGG,?GA?GUCUACCCUGAACUGCAGAUCACCAAUGUGGUAGAAGCCAACCAAC,55.667295884831304,2.2206880977325545,72.34497625192357,15.58746882351446,Original
APP_480_Blunt_2'-OMe/-F,APP,NM_000484,CUUUGUGAUUCCCUACCGCU,CAAGACCCAUCCCCACUUUGUGAUUCCCUACCGCUGCUUAGUUGGUGAGU,54.24065711788146,7.082959456170765,51.614814803831365,6.460172138996015,Original
APP_531_Blunt_2'-OMe/-F,APP,NM_000484,UCUCGUUCCUGACAAGUGCA,UGUAAGUGAUGCCCUUCUCGUUCCUGACAAGUGCAAAUUCUUACACCAGG,48.77010959697733,13.881245580321714,34.992746467072834,12.063276809133825,Original
APP_582_Blunt_2'-OMe/-F,APP,NM_000484,CGAAACUCAUCUUCACUGGC,GAGGAUGGAUGUUUGCGAAACUCAUCUUCACUGGCACACCGUCGCCAAAG,69.11535217346321,2.2242759211066745,42.9709843180702,8.755579481118305,Original
APP_729_Blunt_2'-OMe/-F,APP,NM_000484,UGACAAUGUGGAUUCUGCUG,ACUGGCUGAAGAAAGUGACAAUGUGGAUUCUGCUGAUGCGGAGGAGGAUG,91.84865183306665,13.997946382577496,45.19670932240573,5.5454154796990895,Original
APP_814_Blunt_2'-OMe/-F,APP,NM_000484,GAAGACAAAGUAGUAGAAGU,UAUGCAGAUGGGAGUGAAGACAAAGUAGUAGAAGUAGCAGAGGAGGAAGA,18.195972530079136,3.9945576098158724,19.4101522998357,5.111943689945825,Original
APP_905_Blunt_2'-OMe/-F,APP,NM_000484,AUGAGGUAGAGGAAGAGGCU,ACGAUGAGGAUGGUGAUGAGGUAGAGGAAGAGGCUGAGGAACCCUACGAA,71.52025481067216,1.437512578293878,52.62471517494786,9.324397977919393,Original
APP_1363_Blunt_2'-OMe/-F,APP,NM_000484,AGAAUGUCCCAGGUCAUGAG,GCCAAGCACCGAGAGAGAAUGUCCCAGGUCAUGAGAGAAUGGGAAGAGGC,63.67651045453696,20.611751477981183,59.66047003036187,26.2587764084838,Original
APP_1419_Blunt_2'-OMe/-F,APP,NM_000484,GCCUAAAGCUGAUAAGAAGG,UCAAGCAAAGAACUUGCCUAAAGCUGAUAAGAAGGCAGUUAUCCAGCAUU,68.06938622576723,16.13330619722427,48.270601511760766,13.401787674001977,Original
APP_1477_Blunt_2'-OMe/-F,APP,NM_000484,GAACAGGAAGCAGCCAACGA,AAAGUGGAAUCUUUGGAACAGGAAGCAGCCAACGAGAGACAGCAGCUGGU,70.1465283717816,6.430403349712287,85.75883596654283,22.402262568153937,Original
APP_1621_Blunt_2'-OMe/-F,APP,NM_000484,UUCAAUAUGCUAAAGAAGUA,CGGCCUCGUCACGUGUUCAAUAUGCUAAAGAAGUAUGUCCGCGCAGAACA,49.618032512198,1.8566958866116476,19.182348189707,5.735468149306911,Original
APP_1677_Blunt_2'-OMe/-F,APP,NM_000484,AAAGCAUUUCGAGCAUGUGC,CAGACAGCACACCCUAAAGCAUUUCGAGCAUGUGCGCAUGGUGGAUCCCA,52.02493825676681,5.180465034322517,46.76653837918624,5.236227514681579,Original
APP_1754_Blunt_2'-OMe/-F,APP,NM_000484,GUGUGAUUUAUGAGCGCAUG,UUAUGACACACCUCCGUGUGAUUUAUGAGCGCAUGAAUCAGUCUCUCUCC,26.1669768505234,5.241731837013375,34.24340053962613,6.435391920456242,Original
APP_1885_Blunt_2'-OMe/-F,APP,NM_000484,AACAUGAUUAGUGAACCAAG,GAUGACGUCUUGGCCAACAUGAUUAGUGAACCAAGGAUCAGUUACGGAAA,55.39145043390352,5.110354226105392,16.834843503780302,9.258649838475902,Original
APP_1935_Blunt_2'-OMe/-F,APP,NM_000484,AUCUUUGACCGAAACGAAAA,CGAUGCUCUCAUGCCAUCUUUGACCGAAACGAAAACCACCGUGGAGCUCC,63.40443490715046,9.930570397742114,38.530959581975736,5.045445060210086,Original
APP_2039_Blunt_2'-OMe/-F,APP,NM_000484,CAGCCAACACAGAAAACGAA,GGGCUGACUCUGUGCCAGCCAACACAGAAAACGAAG?U???????U????,63.6636685955793,12.654067418567195,42.82879279829407,8.916936004933289,Original
APP_2135_Blunt_2'-OMe/-F,APP,NM_000484,AGACGGAGGAGAUCUCUGAA,GGUUGACAAAUAUCAAGACGGAGGAGAUCUCUGAAGUGAAGAUGGAUGCA,47.37750265711565,5.313175287637746,17.722857682059498,1.5531548719776112,Original
APP_2185_Blunt_2'-OMe/-F,APP,NM_000484,UCAGGAUAUGAAGUUCAUCA,GAAUUCCGACAUGACUCAGGAUAUGAAGUUCAUCAUCAAAAAUUGGUGUU,59.091709200562285,3.0867335988788573,28.244140817911866,12.044609323301065,Original
APP_2238_Blunt_2'-OMe/-F,APP,NM_000484,UUCAAACAAAGGUGCAAUCA,UGCAGAAGAUGUGGGUUCAAACAAAGGUGCAAUCAUUGGACUCAUGGUGG,89.72203923729802,1.8828673185442137,59.5210217226209,9.884787149443522,Original
APP_2404_Blunt_2'-OMe/-F,APP,NM_000484,AUGCAGCAGAACGGCUACGA,CGCCACCUGUCCAAGAUGCAGCAGAACGGCUACGAAAAUCCAACCUACAA,65.6283874864017,11.910309471255381,67.23646160340364,8.932973822190913,Original
APP_2478_Blunt_2'-OMe/-F,APP,NM_000484,AGCCUCUGAAGUUGGACAGC,GACCCCCGCCACAGCAGCCUCUGAAGUUGGACAGCAAAACCAUUGCUUCA,30.802167797443392,2.246891014388897,45.8915579349117,9.900856664616105,Original
APP_2528_Blunt_2'-OMe/-F,APP,NM_000484,CAUUUAUAGAAUAAUGUGGG,CUACCCAUCGGUGUCCAUUUAUAGAAUAAUGUGGGAAGAAACAAACCCGU,58.574829502169784,13.043232566667127,70.0472092362881,5.353430168615316,Original
APP_2579_Blunt_2'-OMe/-F,APP,NM_000484,UAUCGCCUUUUGACAGCUGU,UUAUGAUUUACUCAUUAUCGCCUUUUGACAGCUGUGCUGUAACACAAGUA,17.178122695803303,3.972125756783998,12.158569282807733,1.110770608916263,Original
APP_2630_Blunt_2'-OMe/-F,APP,NM_000484,UUAAUCCACACAUCAGUAAU,AUGCCUGAACUUGAAUUAAUCCACACAUCAGUAAUGUAUUCUAUCUCUCU,26.598194928794058,8.247924377868062,24.587877541623598,7.6329753216420855,Original
APP_2682_Blunt_2'-OMe/-F,APP,NM_000484,UACUACAUUAUUAAUGGGUU,ACAUUUUGGUCUCUAUACUACAUUAUUAAUGGGUUUUGUGUACUGUAAAG,22.30455390858059,0.7349483010408246,10.268240153828346,3.105645293075632,Original
APP_2735_Blunt_2'-OMe/-F,APP,NM_000484,UAGUGCAUGAAUAGAUUCUC,UUAGCUGUAUCAAACUAGUGCAUGAAUAGAUUCUCUCCUGAUUAUUUAUC,13.604734609174256,1.8155575544855882,4.798350433936297,0.5919944928049748,Original
APP_2802_Blunt_2'-OMe/-F,APP,NM_000484,UGUGGUUUGUGACCCAAUUA,GUUGUAUAUUAUUCUUGUGGUUUGUGACCCAAUUAAGUCCUACUUUACAU,17.98261259219915,3.49791380522152,27.734509171338832,3.5035394663244452,Original
APP_2874_Blunt_2'-OMe/-F,APP,NM_000484,GUGGGAGUUCAGCUGCUUCU,AUGCUUCAUGUGAACGUGGGAGUUCAGCUGCUUCUCUUGCCUAAGUAUUC,21.64158971309766,3.4721269473202416,10.684347181289288,1.666859020007711,Original
APP_2930_Blunt_2'-OMe/-F,APP,NM_000484,UUAAAGUUAAACAUUUUUAA,UGAUCACUAUGCAUUUUAAAGUUAAACAUUUUUAAGUAUUUCAGAUGCUU,56.91825856491147,13.416967100854091,26.167111033269734,3.0551465351919838,Original
APP_2989_Blunt_2'-OMe/-F,APP,NM_000484,GCAUUUUACUGUACAGAUUG,UUUUUUUCCAUGACUGCAUUUUACUGUACAGAUUGCUGCUUCUGCUAUAU,58.60630755890654,9.650338469332024,18.684304721208196,1.2995398199818948,Original
APP_3041_Blunt_2'-OMe/-F,APP,NM_000484,AGAGGAUACACACGUUUGUU,GUGAUAUAGGAAUUAAGAGGAUACACACGUUUGUUUCUUCGUGCCUGUUU,16.265725793830157,3.2365832553493004,15.15834518144497,6.983178641860543,Original
APP_3093_Blunt_2'-OMe/-F,APP,NM_000484,CAUUGAGACUUCAAGCUUUU,UGUGCACACAUUAGGCAUUGAGACUUCAAGCUUUUCUUUUUUUGUCCACG,10.435551212468013,2.890290552533722,10.185513542942791,2.6294603138911112,Original
APP_3145_Blunt_2'-OMe/-F,APP,NM_000484,UAAAGAAAAGAAUCCCUGUU,UCUUUGGGUCUUUGAUAAAGAAAAGAAUCCCUGUUCAUUGUAAGCACUUU,13.195758495548569,0.8258803685245837,7.686844337217837,1.2309504673541491,Original
APP_3228_Blunt_2'-OMe/-F,APP,NM_000484,AUUCUCCAAAACAAUUUUCU,CUUCAAUUACCAAGAAUUCUCCAAAACAAUUUUCUGCAGGAUGAUUGUAC,27.260754961039662,5.612351375770162,32.15717686211344,7.267633052987344,Original
APP_3281_Blunt_2'-OMe/-F,APP,NM_000484,AUGAUCGCUUUCUACACUGU,AUCAUUGCUUAUGACAUGAUCGCUUUCUACACUGUAUUACAUAAAUAAAU,23.50208758441798,12.94139739764959,12.158234016807,1.8818325800268287,Original
APP_3299_Blunt_2'-OMe/-F,APP,NM_000484,GUAUUACAUAAAUAAAUUAA,AUCGCUUUCUACACUGUAUUACAUAAAUAAAUUAAAUAAAAUAACCCCGG,81.74621155795279,11.220469660682946,,,Original
BACE1_1013_Blunt_2'-OMe/-F,BACE1,NM_012104,ACAUUGCUGCCAUCACUGAA,UCACUGUGCGUGCCAACAUUGCUGCCAUCACUGAAUCAGACAAGUUCUUC,97.9263184482398,12.546872938342833,60.06771268522587,8.205525562890104,Original
BACE1_1229_Blunt_2'-OMe/-F,BACE1,NM_012104,UCGGAGGGAGCAUGAUCAUU,AAGUGCUGGCCUCUGUCGGAGGGAGCAUGAUCAUUGGAGGUAUCGACCAC,101.21386852451538,26.08689099074836,78.23487921850631,15.945286751221332,Original
BACE1_1304_Blunt_2'-OMe/-F,BACE1,NM_012104,GGGAGUGGUAUUAUGAGGUG,AUACACCCAUCCGGCGGGAGUGGUAUUAUGAGGUGAUCAUUGUGCGGGUG,72.67618053306715,5.910535039200731,29.388700501604703,17.933683589697782,Original
BACE1_1361_Blunt_2'-OMe/-F,BACE1,NM_012104,AAAUGGACUGCAAGGAGUAC,AUGGACAGGAUCUGAAAAUGGACUGCAAGGAGUACAACUAUGACAAGAGC,103.63309907687828,7.954925972199183,106.54514312042477,30.853705541863015,Original
BACE1_1426_Blunt_2'-OMe/-F,BACE1,NM_012104,UUGCCCAAGAAAGUGUUUGA,ACCACCAACCUUCGUUUGCCCAAGAAAGUGUUUGAAGCUGCAGUCAAAUC,38.736445083826474,6.044837817991882,53.35601025897404,30.394583876845665,Original
BACE1_1496_Blunt_2'-OMe/-F,BACE1,NM_012104,AUGGUUUCUGGCUAGGAGAG,CGGAGAAGUUCCCUGAUGGUUUCUGGCUAGGAGAGCAGCUGGUGUGCUGG,82.6854284462791,15.712314648810395,99.1879068665054,1.3135213213501906,Original
BACE1_1591_Blunt_2'-OMe/-F,BACE1,NM_012104,GUUACCAACCAGUCCUUCCG,UACCUAAUGGGUGAGGUUACCAACCAGUCCUUCCGCAUCACCAUCCUUCC,64.00429071106187,13.266327346704543,58.965804454615835,9.758172014407904,Original
BACE1_1687_Blunt_2'-OMe/-F,BACE1,NM_012104,GCCAUCUCACAGUCAUCCAC,GACUGUUACAAGUUUGCCAUCUCACAGUCAUCCACGGGCACUGUUAUGGG,88.34712464570481,16.320960819341813,100.39402958647747,32.062650044150324,Original
BACE1_1755_Blunt_2'-OMe/-F,BACE1,NM_012104,UGAUCGGGCCCGAAAACGAA,CUUCUACGUUGUCUUUGAUCGGGCCCGAAAACGAAUUGGCUUUGCUGUCA,35.93671272371744,12.1811442349116,26.9244465796293,8.108838289808496,Original
BACE1_1846_Blunt_2'-OMe/-F,BACE1,NM_012104,ACCUUGGACAUGGAAGACUG,GAAGGCCCUUUUGUCACCUUGGACAUGGAAGACUGUGGCUACAACAUUCC,74.91483241824714,6.5694434544825295,56.181666670054106,6.038729159825565,Original
BACE1_1901_Blunt_2'-OMe/-F,BACE1,NM_012104,UCAUGACCAUAGCCUAUGUC,CAGAUGAGUCAACCCUCAUGACCAUAGCCUAUGUCAUGGCUGCCAUCUGC,84.17352375121034,21.845491947699635,102.46005018922166,46.03941518260603,Original
BACE1_2027_Blunt_2'-OMe/-F,BACE1,NM_012104,UCUCCCUGCUGAAGUGAGGA,ACUUUGCUGAUGACAUCUCCCUGCUGAAGUGAGGAGGCCCAUGGGCAGAA,58.7552380796767,9.012445776532621,51.23525102302474,2.7774232742022207,Original
BACE1_2179_Blunt_2'-OMe/-F,BACE1,NM_012104,CUUGAUGGAGAAGGAAAAGG,ACCAAAUGCCUCUGCCUUGAUGGAGAAGGAAAAGGCUGGCAAGGUGGGUU,73.10105296173312,14.441214636256507,71.385918531917,8.767319016199576,Original
BACE1_2326_Blunt_2'-OMe/-F,BACE1,NM_012104,AGCCCUGAACCUUUGUCCAC,GCUGCUUGAAACUUCAGCCCUGAACCUUUGUCCACCAUUCCUUUAAAUUC,42.0332494459028,5.608667577972065,46.89250491274773,14.626213590463747,Original
BACE1_2469_Blunt_2'-OMe/-F,BACE1,NM_012104,GUUUCCCUGCUGGCCAAAGU,GAAGAGACCAAGCUUGUUUCCCUGCUGGCCAAAGUCAGUAGGAGAGGAUG,80.16885715188185,5.327110869218121,86.85946741108769,13.195913112575772,Original
BACE1_2579_Blunt_2'-OMe/-F,BACE1,NM_012104,UUAAAAAAAAAAACUAGAUU,AGAUUGCCUCUUGAAUUAAAAAAAAAAACUAGAUUGACUAUUUAUACAAA,38.60760818021638,10.425605249712207,67.46181982738648,15.206668760013534,Original
BACE1_2711_Blunt_2'-OMe/-F,BACE1,NM_012104,CUAGUUUUAGACCUCAUCUC,AACCACUCACCAGUCCUAGUUUUAGACCUCAUCUCCAAGAUAGCAUCCCA,29.741322844011133,6.184689500043558,7.78835277091337,1.0224853273835102,Original
BACE1_2820_Blunt_2'-OMe/-F,BACE1,NM_012104,GCUUAUCUAGCCAAAGAGCU,AGUGAGAUGGGAAGGGCUUAUCUAGCCAAAGAGCUCUUUUUUAGCUCUCU,81.7455095255691,21.250838315925353,27.799386426589404,12.516925803887945,Original
BACE1_2926_Blunt_2'-OMe/-F,BACE1,NM_012104,CUGAACCACCCUUUAUUCUA,UUUCAUUGUCUCUAUCUGAACCACCCUUUAUUCUACAUAUGAUAGGCAGC,39.37183835318964,2.531619711133706,49.981635563708174,17.72392486616404,Original
BACE1_3107_Blunt_2'-OMe/-F,BACE1,NM_012104,AAUAGGUAGGAGACCUCUUC,CAAGGUGCUAAAAGGAAUAGGUAGGAGACCUCUUCUAUCUAAUCCUUAAA,77.00190784045255,25.087947212155342,74.33690812383598,22.540857490803003,Original
BACE1_3226_Blunt_2'-OMe/-F,BACE1,NM_012104,AGAUCUUUACAUAAUUCAGA,CUAUAAGAAGUAGCAAGAUCUUUACAUAAUUCAGAGUGGUUUCAUUGCCU,65.40932382085877,5.556419432668666,58.866381007271734,21.822803263291583,Original
BACE1_3344_Blunt_2'-OMe/-F,BACE1,NM_012104,UACAGUGCUUUAUGGCUCUA,CAAGAGUAUGAGAAAUACAGUGCUUUAUGGCUCUAACAUUACUGCCUUCA,42.81470306742791,4.850106015424945,68.03118879478373,6.77938488115134,Original
BACE1_3545_Blunt_2'-OMe/-F,BACE1,NM_012104,ACCAAGUUCAUUACCUCCCU,GGCUAGGUAGUGGGGACCAAGUUCAUUACCUCCCUAUCAGUUCUAGCAUA,76.72710893522411,13.074995693306924,22.5305971893444,3.56684760166321,Original
BACE1_3669_Blunt_2'-OMe/-F,BACE1,NM_012104,CCAGGUAUGGGACCUGCUAA,GUCAACCCGCUGCUUCCAGGUAUGGGACCUGCUAAGUGUGGAAUUACCUG,67.63951499957638,8.4031611122644,51.210621560747235,10.18438997819264,Original
BACE1_3768_Blunt_2'-OMe/-F,BACE1,NM_012104,CCAUAAACCAAUAAAACAAG,CCAGCUGCCCACAAGCCAUAAACCAAUAAAACAAGAAUACUGAGUCAGUU,79.33271215033446,5.475448061024571,70.96208234347017,4.165888051562563,Original
BACE1_3777_Blunt_2'-OMe/-F,BACE1,NM_012104,AAUAAAACAAGAAUACUGAG,CACAAGCCAUAAACCAAUAAAACAAGAAUACUGAGUCAGUUUUUUAUCUG,55.27430366614973,11.988248978327807,40.063769933903295,7.215139309570174,Original
MAPT_185_Blunt_2'-OMe/-F,MAPT,NM_001123066,AAGAUCACGCUGGGACGUAC,AGUUCGAAGUGAUGGAAGAUCACGCUGGGACGUACGGGUUGGGGGACAGG,25.12000376416547,2.4357783909772412,30.957856941344204,19.26835861934127,Original
MAPT_1312_Blunt_2'-OMe/-F,MAPT,NM_001123066,AGCGAUGACAAAAAAGCCAA,AAAGACGGGACUGGAAGCGAUGACAAAAAAGCCAAG????C?????GU??,107.6780184780572,20.733348222840085,71.23115720655866,15.8640443545138,Original
MAPT_1943_Blunt_2'-OMe/-F,MAPT,NM_001123066,CUGAGAACCUGAAGCACCAG,CCAAGAUCGGCUCCACUGAGAACCUGAAGCACCAGCCGGGAGGCGGGAAG,77.83134822657267,18.506861696119344,76.59660534044197,14.290557313478804,Original
MAPT_2085_Blunt_2'-OMe/-F,MAPT,NM_001123066,CAAACCAGUUGACCUGAGCA,?GUGCAAAUAGUCUACAAACCAGUUGACCUGAGCAAGGUGACCUCCAAGU,21.547359929351682,2.1115406439681594,47.82841866540763,20.835329108272184,Original
MAPT_2142_Blunt_2'-OMe/-F,MAPT,NM_001123066,UCAUAAACCAGGAGGUGGCC,AUUAGGCAACAUCCAUCAUAAACCAGGAGGUGGCCAGGUGGAAGUAAAAU,77.70451885160305,8.696759318297444,122.5511740235645,56.846691865223285,Original
MAPT_2206_Blunt_2'-OMe/-F,MAPT,NM_001123066,CAGUCGAAGAUUGGGUCCCU,UUCAAGGACAGAGUCCAGUCGAAGAUUGGGUCCCUGGACAAUAUCACCCA,23.404683924034213,5.82875958311789,79.34974985018356,5.433807873988886,Original
MAPT_2245_Blunt_2'-OMe/-F,MAPT,NM_001123066,CCUGGCGGAGGAAAUAAAAA,AAUAUCACCCACGUCCCUGGCGGAGGAAAUAAAAAGAUUGAAACCCACAA,63.14878448529009,11.97589712699886,59.988249484854805,13.589751465822609,Original
MAPT_2256_Blunt_2'-OMe/-F,MAPT,NM_001123066,AAAUAAAAAGAUUGAAACCC,CGUCCCUGGCGGAGGAAAUAAAAAGAUUGAAACCCACAAGCUGACCUUCC,65.09371429523691,7.432153363659783,95.0757169516999,32.007901625693826,Original
MAPT_2271_Blunt_2'-OMe/-F,MAPT,NM_001123066,AACCCACAAGCUGACCUUCC,AAAUAAAAAGAUUGAAACCCACAAGCUGACCUUCCGCGAGAACGCCAAAG,78.1101896765024,9.193480793884294,106.39723941047492,19.014724622883218,Original
MAPT_2494_Blunt_2'-OMe/-F,MAPT,NM_001123066,GGCGGUCAAUAAUUGUGGAG,UGAUCAGGCCCCUGGGGCGGUCAAUAAUUGUGGAGAGGAGAGAAUGAGAG,114.18879318944504,25.051773253319983,110.41584590759874,15.32165449551578,Original
MAPT_2586_Blunt_2'-OMe/-F,MAPT,NM_001123066,UCGCAGUUCGGUUAAUUGGU,GCCCCCAGCUGCUCCUCGCAGUUCGGUUAAUUGGUUAAUCACUUAACCUG,98.05355245788485,18.581981653940712,75.32266389227112,56.891160995105864,Original
MAPT_2647_Blunt_2'-OMe/-F,MAPT,NM_001123066,ACUUCAAAAUCAGUGAUGGG,CGGCUUUGGCUCGGGACUUCAAAAUCAGUGAUGGGAGUAAGAGCAAAUUU,63.85365692702353,15.305343698235525,69.5649259390183,1.9119823347218867,Original
MAPT_2699_Blunt_2'-OMe/-F,MAPT,NM_001123066,GGGUGGGCUAGUAAUAAAAU,UCUUUCCAAAUUGAUGGGUGGGCUAGUAAUAAAAUAUUUAAAAAAAAACA,111.77479237950776,16.657917316916883,72.49991645095916,19.743792611739504,Original
MAPT_2701_Blunt_2'-OMe/-F,MAPT,NM_001123066,GUGGGCUAGUAAUAAAAUAU,UUUCCAAAUUGAUGGGUGGGCUAGUAAUAAAAUAUUUAAAAAAAAACAUU,44.014143689782124,4.854748121063729,46.2836698340764,15.11193599806135,Original
MAPT_2929_Blunt_2'-OMe/-F,MAPT,NM_001123066,GAAACUUGGUGUGUUCGUGG,AGCAACAAAGGAUUUGAAACUUGGUGUGUUCGUGGAGCCACAGGCAGACG,46.36676069445196,4.23290888489942,31.43620924954813,7.650901926583541,Original
MAPT_3239_Blunt_2'-OMe/-F,MAPT,NM_001123066,AGGGACAGCGGGUAAAAAGA,GCAGCCUGUGGGAGAAGGGACAGCGGGUAAAAAGAGAAGGCAAGCUGGCA,83.3665614935038,14.293083042405213,11.706296834803878,4.078834956841428,Original
MAPT_3435_Blunt_2'-OMe/-F,MAPT,NM_001123066,UGCUGCCAUGAUUUUGGCCA,UCUGAAGGUUGGAACUGCUGCCAUGAUUUUGGCCACUUUGCAGACCUGGG,115.05830636127394,13.1350718668772,50.332310420282205,6.610035277895396,Original
MAPT_3494_Blunt_2'-OMe/-F,MAPT,NM_001123066,UGUAAGGACUUGUGCCUCUU,CUAACCAGUUCUCUUUGUAAGGACUUGUGCCUCUUGGGAGACGUCCACCC,86.50151725839642,33.002528526216516,45.94058051258086,4.49483395137395,Original
MAPT_3795_Blunt_2'-OMe/-F,MAPT,NM_001123066,CAAAGUCCAGGCACAAGAGU,GAAAUUAAGGGAAGGCAAAGUCCAGGCACAAGAGUGGGACCCCAGCCUCU,116.46561405308661,16.921964859306414,90.58306873048703,5.349324491645528,Original
MAPT_3883_Blunt_2'-OMe/-F,MAPT,NM_001123066,GAUUCGGUUCCCUGUCUCCU,CGAAUCUCAUGAUCUGAUUCGGUUCCCUGUCUCCUCCUCCCGUCACAGAU,89.06980833397309,15.673435394710635,61.072640744731366,8.49329235862805,Original
MAPT_4275_Blunt_2'-OMe/-F,MAPT,NM_001123066,CUGCUGGAGCAGCUGAACAU,GCCAUGCUGUCUGUUCUGCUGGAGCAGCUGAACAUAUACAUAGAUGUUGC,67.60593235814946,6.947161619350099,43.7272387234236,4.162948347484472,Original
MAPT_4346_Blunt_2'-OMe/-F,MAPT,NM_001123066,UGGAUUUGUCUGUUUAUGCU,CUGUUGAGUUGUAGUUGGAUUUGUCUGUUUAUGCUUGGAUUCACCAGAGU,44.82278026197161,4.17632638645619,2.3929206460542365,0.5510215971398762,Original
MAPT_4538_Blunt_2'-OMe/-F,MAPT,NM_001123066,UUUUGAAAGGCUUUCCUCAG,CUGGGGCCUCCCAAGUUUUGAAAGGCUUUCCUCAGCACCUGGGACCCAAC,81.79001036812116,13.162694278487267,12.510524195194533,2.043380500569764,Original
MAPT_4636_Blunt_2'-OMe/-F,MAPT,NM_001123066,UAGGACUGAAGCGAUGAUGU,CCUGAAGCACAGGAUUAGGACUGAAGCGAUGAUGUCCCCUUCCCUACUUC,64.18067475799015,7.531023971114355,18.8946078439909,1.2087128202498671,Original
MAPT_4954_Blunt_2'-OMe/-F,MAPT,NM_001123066,GGGAUUGGGAUGAAUUGCCU,CCUGCGACCACAGCAGGGAUUGGGAUGAAUUGCCUGUCCUGGAUCUGCUC,94.13269015153543,15.698124735848829,9.871209138630533,2.9167618398386783,Original
MAPT_5036_Blunt_2'-OMe/-F,MAPT,NM_001123066,GAGACACUGUUCCCAAAGCC,GACUUGACAAGUCAGGAGACACUGUUCCCAAAGCCUUGACCAGAGCACCU,122.86862414519187,31.17694036436953,47.79186129945277,13.277100154427197,Original
MAPT_5178_Blunt_2'-OMe/-F,MAPT,NM_001123066,GCCACUUCUGGUUUGGGUAC,CUCAGGCCCAAUUCUGCCACUUCUGGUUUGGGUACAGUUAAAGGCAACCC,101.6108972167101,12.002854067901986,61.07867283140404,16.80411230027896,Original
MAPT_5269_Blunt_2'-OMe/-F,MAPT,NM_001123066,CAGCUAGAGCUUUACCUGAA,UGGCAGCUUCGUGUGCAGCUAGAGCUUUACCUGAAAGGAAGUCUCUGGGC,84.13616563815303,9.275763810656839,18.950812237290865,5.39061205303799,Original
MAPT_5468_Blunt_2'-OMe/-F,MAPT,NM_001123066,ACCUCGGUUCCUCUUCCUGA,UGCAUUUCUUCACGCACCUCGGUUCCUCUUCCUGAAGUUCUUGUGCCCUG,71.85917155401047,14.419865546724528,12.4523614314281,1.5178742727234213,Original
MAPT_5573_Blunt_2'-OMe/-F,MAPT,NM_001123066,GCCAGCCUAAGAUCAUGGUU,GGGCAGGCUCUUGGGGCCAGCCUAAGAUCAUGGUUUAGGGUGAUCAGUGC,76.18094523489701,3.2140506422663866,37.2212274950105,2.6938258366482297,Original
MAPT_5762_Blunt_2'-OMe/-F,MAPT,NM_001123066,AAGCUGCUGACUCACUUUAU,UAUGCCGGCUCCUUCAAGCUGCUGACUCACUUUAUCAAUAGUUCCAUUUA,56.2176249036557,7.022036791399951,26.2947839919196,1.5933151286697935,Original
MAPT_5812_Blunt_2'-OMe/-F,MAPT,NM_001123066,UGAGACUGUAUCCUGUUUGC,AAUUGACUUCAGUGGUGAGACUGUAUCCUGUUUGCUAUUGCUUGUUGUGC,49.39490179085778,6.415393281858093,8.764829933115381,1.3285860208595761,Original
MAPT_5998_Blunt_2'-OMe/-F,MAPT,NM_001123066,GGUUUCUCUUUUCCACUGAC,GUUAGAGGCCCUUGGGGUUUCUCUUUUCCACUGACAGGCUUUCCCAGGCA,85.27162925822743,6.0545011445863395,11.822384112102368,2.917514726179426,Original
MAPT_6118_Blunt_2'-OMe/-F,MAPT,NM_001123066,GGUCCUAAGCCCACAAUCAU,CUGCCCUCUUUCAGGGGUCCUAAGCCCACAAUCAUGCCUCCCUAAGACCU,83.86456537077434,14.049501889610994,6.636432457032417,2.6644469292552615,Original
MAPT_6310_Blunt_2'-OMe/-F,MAPT,NM_001123066,UCACCUGCGUGUCCCAUCUA,CGAGGGCAGAGGUGAUCACCUGCGUGUCCCAUCUACAGACCUGCAGCUUC,82.40967514952995,11.960624054130893,15.750666539650835,3.404408027202558,Original
MAPT_6369_Blunt_2'-OMe/-F,MAPT,NM_001123066,CUUUGAAAAGGGUUACCCUG,CUGAUUUCUCUUCAGCUUUGAAAAGGGUUACCCUGGGCACUGGCCUAGAG,78.48229243797932,7.845451758550315,12.581380775908698,1.469122246085662,Original
MAPT_6527_Blunt_2'-OMe/-F,MAPT,NM_001123066,UUAGCUUAGCUUUCUGUCUG,GGACAUGAAAUCAUCUUAGCUUAGCUUUCUGUCUGUGAAUGUCUAUAUAG,56.15288791160376,15.85068753132835,8.75406036734586,1.7309783436121218,Original
MAPT_6578_Blunt_2'-OMe/-F,MAPT,NM_001123066,ACAAAUGAUUUACACUGACU,GUAUUGUGUGUUUUAACAAAUGAUUUACACUGACUGUUGCUGUAAAAGUG,46.372305498697926,5.9600782958801215,15.179665433454067,4.020194551001254,Original
MAPT_6612_Blunt_2'-OMe/-F,MAPT,NM_001123066,GAAUUUGGAAAUAAAGUUAU,UGUUGCUGUAAAAGUGAAUUUGGAAAUAAAGUUAUUACUCUGAUUAAA??,77.26938562211704,14.042840782316782,50.7635286071845,9.45828729439332,Original
SNCA_486_Blunt_2'-OMe/-F,SNCA,NM_000345,AAUUCAUUAGCCAUGGAUGU,AGUGUGGUGUAAAGGAAUUCAUUAGCCAUGGAUGUAUUCAUGAAAGGACU,113.7233875650872,6.9733224075658,58.92083011466334,8.878688579043521,Original
SNCA_549_Blunt_2'-OMe/-F,SNCA,NM_000345,GCUGCUGAGAAAACCAAACA,GAGGGAGUUGUGGCUGCUGCUGAGAAAACCAAACAGGGUGUGGCAGAAGC,73.2179159617523,5.862886526219491,28.467397425896266,12.798146979390483,Original
SNCA_610_Blunt_2'-OMe/-F,SNCA,NM_000345,UCUAUGUAGGCUCCAAAACC,CAAAAGAGGGUGUUCUCUAUGUAGGCUCCAAAACCAAGGAGGGAGUGGUG,62.62247657287929,8.752504498847255,30.40053115431873,15.324755459894554,Original
SNCA_681_Blunt_2'-OMe/-F,SNCA,NM_000345,CAAGUGACAAAUGUUGGAGG,GAGAAGACCAAAGAGCAAGUGACAAAUGUUGGAGGAGCAGUGGUGACGGG,85.50263677176825,18.440425878069394,47.147853983796836,5.113937040880729,Original
SNCA_1200_Blunt_2'-OMe/-F,SNCA,NM_000345,AUGAGGCUUAUGAAAUGCCU,CUGUGGAUCCUGACAAUGAGGCUUAUGAAAUGCCUUCUGAGGAAGGGUAU,83.72313427987704,14.540314214488786,19.367031418006267,3.651947355084889,Original
SNCA_1252_Blunt_2'-OMe/-F,SNCA,NM_000345,AGCCUAAGAAAUAUCUUUGC,AGACUACGAACCUGAAGCCUAAGAAAUAUCUUUGCUCCCAGUUUCUUGAG,38.75754873237583,3.184314264365963,29.730776269324895,11.441778645460653,Original
SNCA_1304_Blunt_2'-OMe/-F,SNCA,NM_000345,CCAUCCUGUACAAGUGCUCA,CUGCUGACAGAUGUUCCAUCCUGUACAAGUGCUCAGUUCCAAUGUGCCCA,18.955128273471917,2.6759303659784828,12.27952216719023,4.822319977757117,Original
SNCA_1355_Blunt_2'-OMe/-F,SNCA,NM_000345,AAGUUUUUACAGUGUAUCUC,UCAUGACAUUUCUCAAAGUUUUUACAGUGUAUCUCGAAGUCUUCCAUCAG,20.02300907043022,1.5757857555430066,10.526037689803733,0.42299256150383047,Original
SNCA_1424_Blunt_2'-OMe/-F,SNCA,NM_000345,GCAUUUCGGUGCUUCCCUUU,ACCUGCCCCCACUCAGCAUUUCGGUGCUUCCCUUUCACUGAAGUGAAUAC,192.2801806667694,93.01386575421233,69.04855558740184,23.389698628903187,Original
SNCA_1475_Blunt_2'-OMe/-F,SNCA,NM_000345,UGUGUGCUGUGGAUUUUGUG,UGGUAGCAGGGUCUUUGUGUGCUGUGGAUUUUGUGGCUUCAAUCUACGAU,65.04012544502073,14.202713104730666,18.475452486617634,3.85907485469823,Original
SNCA_1530_Blunt_2'-OMe/-F,SNCA,NM_000345,CCUAAGUGACUACCACUUAU,AACAAAUUAAAAACACCUAAGUGACUACCACUUAUUUCUAAAUCCUCACU,117.80545974661406,27.235015688754885,75.0660128870558,5.463354790729712,Original
SNCA_1586_Blunt_2'-OMe/-F,SNCA,NM_000345,AGAAGUUGUUAGUGAUUUGC,UUGUUGCUGUUGUUCAGAAGUUGUUAGUGAUUUGCUAUCAUAUAUUAUAA,19.321825461893635,0.6803196125098324,7.055575440192072,4.212909765159223,Original
SNCA_1636_Blunt_2'-OMe/-F,SNCA,NM_000345,UUUAAUGAUACUGUCUAAGA,GAUUUUUAGGUGUCUUUUAAUGAUACUGUCUAAGAAUAAUGACGUAUUGU,38.252200196392465,2.501042382206617,24.580553682112196,11.110911309229602,Original
APP_387_Asymmetric_2'-OMe/-F,APP,NM_000484,ACUGCAGAUCACCAAUGUGG,?GA?GUCUACCCUGAACUGCAGAUCACCAAUGUGGUAGAAGCCAACCAAC,57.81171711548706,3.308455439131017,60.1320813806959,4.62260380996687,Original
APP_480_Asymmetric_2'-OMe/-F,APP,NM_000484,CUUUGUGAUUCCCUACCGCU,CAAGACCCAUCCCCACUUUGUGAUUCCCUACCGCUGCUUAGUUGGUGAGU,79.62326153927778,12.984723056269734,56.7921331092418,23.4700467104347,Original
APP_531_Asymmetric_2'-OMe/-F,APP,NM_000484,UCUCGUUCCUGACAAGUGCA,UGUAAGUGAUGCCCUUCUCGUUCCUGACAAGUGCAAAUUCUUACACCAGG,59.658063876226265,6.00274696876812,32.0232615242676,11.1190004912326,Original
APP_582_Asymmetric_2'-OMe/-F,APP,NM_000484,CGAAACUCAUCUUCACUGGC,GAGGAUGGAUGUUUGCGAAACUCAUCUUCACUGGCACACCGUCGCCAAAG,65.98708855020362,1.2893767554019173,47.4216831404965,13.4781328824071,Original
APP_729_Asymmetric_2'-OMe/-F,APP,NM_000484,UGACAAUGUGGAUUCUGCUG,ACUGGCUGAAGAAAGUGACAAUGUGGAUUCUGCUGAUGCGGAGGAGGAUG,86.8027247516477,24.809102057246864,44.8793293620308,7.89356976128221,Original
APP_814_Asymmetric_2'-OMe/-F,APP,NM_000484,GAAGACAAAGUAGUAGAAGU,UAUGCAGAUGGGAGUGAAGACAAAGUAGUAGAAGUAGCAGAGGAGGAAGA,31.658633498485102,10.114993381428166,23.1266248761763,8.67575521770865,Original
APP_905_Asymmetric_2'-OMe/-F,APP,NM_000484,AUGAGGUAGAGGAAGAGGCU,ACGAUGAGGAUGGUGAUGAGGUAGAGGAAGAGGCUGAGGAACCCUACGAA,96.75609700071789,9.601065527416946,54.980302267433,17.2920741332229,Original
APP_1363_Asymmetric_2'-OMe/-F,APP,NM_000484,AGAAUGUCCCAGGUCAUGAG,GCCAAGCACCGAGAGAGAAUGUCCCAGGUCAUGAGAGAAUGGGAAGAGGC,93.35624162309352,14.63514792907523,80.1933945656727,3.64558273585304,Original
APP_1419_Asymmetric_2'-OMe/-F,APP,NM_000484,GCCUAAAGCUGAUAAGAAGG,UCAAGCAAAGAACUUGCCUAAAGCUGAUAAGAAGGCAGUUAUCCAGCAUU,90.29539582784683,21.632727334535225,52.3564484839152,3.66365558036509,Original
APP_1477_Asymmetric_2'-OMe/-F,APP,NM_000484,GAACAGGAAGCAGCCAACGA,AAAGUGGAAUCUUUGGAACAGGAAGCAGCCAACGAGAGACAGCAGCUGGU,85.4618974058862,12.06695499215292,51.2894101262952,2.839820700767,Original
APP_1621_Asymmetric_2'-OMe/-F,APP,NM_000484,UUCAAUAUGCUAAAGAAGUA,CGGCCUCGUCACGUGUUCAAUAUGCUAAAGAAGUAUGUCCGCGCAGAACA,68.3680054096452,4.149160316094171,28.3325010784037,5.8629217081409,Original
APP_1677_Asymmetric_2'-OMe/-F,APP,NM_000484,AAAGCAUUUCGAGCAUGUGC,CAGACAGCACACCCUAAAGCAUUUCGAGCAUGUGCGCAUGGUGGAUCCCA,61.103819515849835,1.899414090124965,35.1089188752078,8.20194373146516,Original
APP_1746_Asymmetric_2'-OMe/-F,APP,NM_000484,ACACCUCCGUGUGAUUUAUG,GUCCCAGGUUAUGACACACCUCCGUGUGAUUUAUGAGCGCAUGAAUCAGU,76.66288762272553,11.409169852271086,,,Walk
APP_1748_Asymmetric_2'-OMe/-F,APP,NM_000484,ACCUCCGUGUGAUUUAUGAG,CCCAGGUUAUGACACACCUCCGUGUGAUUUAUGAGCGCAUGAAUCAGUCU,59.5560482929522,7.272538706226582,,,Walk
APP_1750_Asymmetric_2'-OMe/-F,APP,NM_000484,CUCCGUGUGAUUUAUGAGCG,CAGGUUAUGACACACCUCCGUGUGAUUUAUGAGCGCAUGAAUCAGUCUCU,58.63944428366394,11.199824632378842,,,Walk
APP_1752_Asymmetric_2'-OMe/-F,APP,NM_000484,CCGUGUGAUUUAUGAGCGCA,GGUUAUGACACACCUCCGUGUGAUUUAUGAGCGCAUGAAUCAGUCUCUCU,55.678036589455964,15.046487107674555,,,Walk
APP_1754_Asymmetric_2'-OMe/-F,APP,NM_000484,GUGUGAUUUAUGAGCGCAUG,UUAUGACACACCUCCGUGUGAUUUAUGAGCGCAUGAAUCAGUCUCUCUCC,35.94056910871737,4.5170852558846954,28.6478720119258,4.53977032010172,Original
APP_1756_Asymmetric_2'-OMe/-F,APP,NM_000484,GUGAUUUAUGAGCGCAUGAA,AUGACACACCUCCGUGUGAUUUAUGAGCGCAUGAAUCAGUCUCUCUCCCU,73.09858019626347,0.3010608480946294,,,Walk
APP_1758_Asymmetric_2'-OMe/-F,APP,NM_000484,GAUUUAUGAGCGCAUGAAUC,GACACACCUCCGUGUGAUUUAUGAGCGCAUGAAUCAGUCUCUCUCCCUGC,44.61171762829624,3.147762428188981,,,Walk
APP_1760_Asymmetric_2'-OMe/-F,APP,NM_000484,UUUAUGAGCGCAUGAAUCAG,CACACCUCCGUGUGAUUUAUGAGCGCAUGAAUCAGUCUCUCUCCCUGCUC,40.50675841306443,3.3647676358947347,,,Walk
APP_1762_Asymmetric_2'-OMe/-F,APP,NM_000484,UAUGAGCGCAUGAAUCAGUC,CACCUCCGUGUGAUUUAUGAGCGCAUGAAUCAGUCUCUCUCCCUGCUCUA,56.00088478786707,3.134172476388156,,,Walk
APP_1885_Asymmetric_2'-OMe/-F,APP,NM_000484,AACAUGAUUAGUGAACCAAG,GAUGACGUCUUGGCCAACAUGAUUAGUGAACCAAGGAUCAGUUACGGAAA,69.20447640379494,10.609234610566993,31.5207416505542,16.2997792142452,Original
APP_1935_Asymmetric_2'-OMe/-F,APP,NM_000484,AUCUUUGACCGAAACGAAAA,CGAUGCUCUCAUGCCAUCUUUGACCGAAACGAAAACCACCGUGGAGCUCC,95.20879066105802,12.556462730478009,29.8848791900884,7.90205990689464,Original
APP_2039_Asymmetric_2'-OMe/-F,APP,NM_000484,CAGCCAACACAGAAAACGAA,GGGCUGACUCUGUGCCAGCCAACACAGAAAACGAAG?U???????U????,71.10279197846101,4.973120999714701,45.2186218361081,17.6168055848931,Original
APP_2135_Asymmetric_2'-OMe/-F,APP,NM_000484,AGACGGAGGAGAUCUCUGAA,GGUUGACAAAUAUCAAGACGGAGGAGAUCUCUGAAGUGAAGAUGGAUGCA,65.72957651583,13.596159108780684,26.8444676452838,2.73660917412106,Original
APP_2185_Asymmetric_2'-OMe/-F,APP,NM_000484,UCAGGAUAUGAAGUUCAUCA,GAAUUCCGACAUGACUCAGGAUAUGAAGUUCAUCAUCAAAAAUUGGUGUU,69.607071497645,15.52591683749968,24.2025255799794,4.28515724663482,Original
APP_2238_Asymmetric_2'-OMe/-F,APP,NM_000484,UUCAAACAAAGGUGCAAUCA,UGCAGAAGAUGUGGGUUCAAACAAAGGUGCAAUCAUUGGACUCAUGGUGG,107.21915187532109,20.738634880817077,47.8182199763201,4.63327014795953,Original
APP_2404_Asymmetric_2'-OMe/-F,APP,NM_000484,AUGCAGCAGAACGGCUACGA,CGCCACCUGUCCAAGAUGCAGCAGAACGGCUACGAAAAUCCAACCUACAA,100.78154551149991,13.078846438824833,52.2492164779459,5.791084957408,Original
APP_2472_Asymmetric_2'-OMe/-F,APP,NM_000484,CACAGCAGCCUCUGAAGUUG,GAACUAGACCCCCGCCACAGCAGCCUCUGAAGUUGGACAGCAAAACCAUU,9.38241206189266,0.7753877041047591,,,Walk
APP_2474_Asymmetric_2'-OMe/-F,APP,NM_000484,CAGCAGCCUCUGAAGUUGGA,ACUAGACCCCCGCCACAGCAGCCUCUGAAGUUGGACAGCAAAACCAUUGC,23.95488224659373,4.578067805813002,,,Walk
APP_2478_Asymmetric_2'-OMe/-F,APP,NM_000484,AGCCUCUGAAGUUGGACAGC,GACCCCCGCCACAGCAGCCUCUGAAGUUGGACAGCAAAACCAUUGCUUCA,21.0579695736191,2.1526033352962304,24.7932143270184,7.08651903594512,Original
APP_2480_Asymmetric_2'-OMe/-F,APP,NM_000484,CCUCUGAAGUUGGACAGCAA,CCCCCGCCACAGCAGCCUCUGAAGUUGGACAGCAAAACCAUUGCUUCACU,10.099969877347805,1.0260380573410193,,,Walk
APP_2482_Asymmetric_2'-OMe/-F,APP,NM_000484,UCUGAAGUUGGACAGCAAAA,CCCGCCACAGCAGCCUCUGAAGUUGGACAGCAAAACCAUUGCUUCACUAC,27.442659853206035,2.5960098975113217,,,Walk
APP_2484_Asymmetric_2'-OMe/-F,APP,NM_000484,UGAAGUUGGACAGCAAAACC,CGCCACAGCAGCCUCUGAAGUUGGACAGCAAAACCAUUGCUUCACUACCC,4.29631136451693,0.7464616025120865,,,Walk
APP_2486_Asymmetric_2'-OMe/-F,APP,NM_000484,AAGUUGGACAGCAAAACCAU,CCACAGCAGCCUCUGAAGUUGGACAGCAAAACCAUUGCUUCACUACCCAU,34.92784372321437,10.169240876888027,,,Walk
APP_2488_Asymmetric_2'-OMe/-F,APP,NM_000484,GUUGGACAGCAAAACCAUUG,ACAGCAGCCUCUGAAGUUGGACAGCAAAACCAUUGCUUCACUACCCAUCG,13.2348921995494,0.45756899009874663,,,Walk
APP_2528_Asymmetric_2'-OMe/-F,APP,NM_000484,CAUUUAUAGAAUAAUGUGGG,CUACCCAUCGGUGUCCAUUUAUAGAAUAAUGUGGGAAGAAACAAACCCGU,72.75071701833156,3.7962584702993882,71.8630906807698,7.19717096978128,Original
APP_2569_Asymmetric_2'-OMe/-F,APP,NM_000484,AUUUACUCAUUAUCGCCUUU,CAAACCCGUUUUAUGAUUUACUCAUUAUCGCCUUUUGACAGCUGUGCUGU,17.7198877181212,7.72384823434639,,,Walk
APP_2571_Asymmetric_2'-OMe/-F,APP,NM_000484,UUACUCAUUAUCGCCUUUUG,AACCCGUUUUAUGAUUUACUCAUUAUCGCCUUUUGACAGCUGUGCUGUAA,13.447043188555,5.522352860825612,,,Walk
APP_2573_Asymmetric_2'-OMe/-F,APP,NM_000484,ACUCAUUAUCGCCUUUUGAC,CCCGUUUUAUGAUUUACUCAUUAUCGCCUUUUGACAGCUGUGCUGUAACA,16.4099188950106,0.9846828916676876,,,Walk
APP_2575_Asymmetric_2'-OMe/-F,APP,NM_000484,UCAUUAUCGCCUUUUGACAG,CGUUUUAUGAUUUACUCAUUAUCGCCUUUUGACAGCUGUGCUGUAACACA,11.835421096436368,0.7851448964619647,,,Walk
APP_2577_Asymmetric_2'-OMe/-F,APP,NM_000484,AUUAUCGCCUUUUGACAGCU,UUUUAUGAUUUACUCAUUAUCGCCUUUUGACAGCUGUGCUGUAACACAAG,33.163296236394196,1.8219641567655451,,,Walk
APP_2579_Asymmetric_2'-OMe/-F,APP,NM_000484,UAUCGCCUUUUGACAGCUGU,UUAUGAUUUACUCAUUAUCGCCUUUUGACAGCUGUGCUGUAACACAAGUA,15.6123391446462,2.249728576569102,12.5964432119496,1.59016267805159,Original
APP_2581_Asymmetric_2'-OMe/-F,APP,NM_000484,UCGCCUUUUGACAGCUGUGC,AUGAUUUACUCAUUAUCGCCUUUUGACAGCUGUGCUGUAACACAAGUAGA,4.63672215599312,0.5206732127395167,,,Walk
APP_2583_Asymmetric_2'-OMe/-F,APP,NM_000484,GCCUUUUGACAGCUGUGCUG,GAUUUACUCAUUAUCGCCUUUUGACAGCUGUGCUGUAACACAAGUAGAUG,9.79417188073842,1.3953265023710353,,,Walk
APP_2585_Asymmetric_2'-OMe/-F,APP,NM_000484,CUUUUGACAGCUGUGCUGUA,UUUACUCAUUAUCGCCUUUUGACAGCUGUGCUGUAACACAAGUAGAUGCC,14.543508471554633,2.638449494097087,,,Walk
APP_2587_Asymmetric_2'-OMe/-F,APP,NM_000484,UUUGACAGCUGUGCUGUAAC,UACUCAUUAUCGCCUUUUGACAGCUGUGCUGUAACACAAGUAGAUGCCUG,20.377234046939567,3.319503736326419,,,Walk
APP_2589_Asymmetric_2'-OMe/-F,APP,NM_000484,UGACAGCUGUGCUGUAACAC,CUCAUUAUCGCCUUUUGACAGCUGUGCUGUAACACAAGUAGAUGCCUGAA,6.200206441010273,0.3191600636735898,,,Walk
APP_2620_Asymmetric_2'-OMe/-F,APP,NM_000484,UGAACUUGAAUUAAUCCACA,ACACAAGUAGAUGCCUGAACUUGAAUUAAUCCACACAUCAGUAAUGUAUU,5.9316928166107274,1.7219715123148245,,,Walk
APP_2622_Asymmetric_2'-OMe/-F,APP,NM_000484,AACUUGAAUUAAUCCACACA,ACAAGUAGAUGCCUGAACUUGAAUUAAUCCACACAUCAGUAAUGUAUUCU,22.172595996853968,13.401816891074455,,,Walk
APP_2624_Asymmetric_2'-OMe/-F,APP,NM_000484,CUUGAAUUAAUCCACACAUC,AAGUAGAUGCCUGAACUUGAAUUAAUCCACACAUCAGUAAUGUAUUCUAU,16.277735761731833,6.776843265951298,,,Walk
APP_2626_Asymmetric_2'-OMe/-F,APP,NM_000484,UGAAUUAAUCCACACAUCAG,GUAGAUGCCUGAACUUGAAUUAAUCCACACAUCAGUAAUGUAUUCUAUCU,8.837501245756798,0.8774969736754173,,,Walk
APP_2628_Asymmetric_2'-OMe/-F,APP,NM_000484,AAUUAAUCCACACAUCAGUA,AGAUGCCUGAACUUGAAUUAAUCCACACAUCAGUAAUGUAUUCUAUCUCU,10.826695226481746,1.8402165221262852,,,Walk
APP_2630_Asymmetric_2'-OMe/-F,APP,NM_000484,UUAAUCCACACAUCAGUAAU,AUGCCUGAACUUGAAUUAAUCCACACAUCAGUAAUGUAUUCUAUCUCUCU,14.601181487487667,3.553388603895275,7.60088774543602,1.14582121924644,Original
APP_2632_Asymmetric_2'-OMe/-F,APP,NM_000484,AAUCCACACAUCAGUAAUGU,GCCUGAACUUGAAUUAAUCCACACAUCAGUAAUGUAUUCUAUCUCUCUUU,12.7689266132088,0.01643196308332858,,,Walk
APP_2634_Asymmetric_2'-OMe/-F,APP,NM_000484,UCCACACAUCAGUAAUGUAU,CUGAACUUGAAUUAAUCCACACAUCAGUAAUGUAUUCUAUCUCUCUUUAC,12.048764646613185,3.632220834123566,,,Walk
APP_2636_Asymmetric_2'-OMe/-F,APP,NM_000484,CACACAUCAGUAAUGUAUUC,GAACUUGAAUUAAUCCACACAUCAGUAAUGUAUUCUAUCUCUCUUUACAU,5.18380584013807,0.7625787238177947,,,Walk
APP_2638_Asymmetric_2'-OMe/-F,APP,NM_000484,CACAUCAGUAAUGUAUUCUA,ACUUGAAUUAAUCCACACAUCAGUAAUGUAUUCUAUCUCUCUUUACAUUU,3.8712498353836065,0.9608739098254391,,,Walk
APP_2640_Asymmetric_2'-OMe/-F,APP,NM_000484,CAUCAGUAAUGUAUUCUAUC,UUGAAUUAAUCCACACAUCAGUAAUGUAUUCUAUCUCUCUUUACAUUUUG,17.775110540275367,1.9408022776553007,,,Walk
APP_2672_Asymmetric_2'-OMe/-F,APP,NM_000484,UUGGUCUCUAUACUACAUUA,AUCUCUCUUUACAUUUUGGUCUCUAUACUACAUUAUUAAUGGGUUUUGUG,6.192815559622237,0.15803858397083345,,,Walk
APP_2674_Asymmetric_2'-OMe/-F,APP,NM_000484,GGUCUCUAUACUACAUUAUU,CUCUCUUUACAUUUUGGUCUCUAUACUACAUUAUUAAUGGGUUUUGUGUA,4.260600426454257,0.19783319086075674,,,Walk
APP_2676_Asymmetric_2'-OMe/-F,APP,NM_000484,UCUCUAUACUACAUUAUUAA,CUCUUUACAUUUUGGUCUCUAUACUACAUUAUUAAUGGGUUUUGUGUACU,17.11189017553833,3.335031519273977,,,Walk
APP_2678_Asymmetric_2'-OMe/-F,APP,NM_000484,UCUAUACUACAUUAUUAAUG,CUUUACAUUUUGGUCUCUAUACUACAUUAUUAAUGGGUUUUGUGUACUGU,49.96807937258206,9.306135745219187,,,Walk
APP_2680_Asymmetric_2'-OMe/-F,APP,NM_000484,UAUACUACAUUAUUAAUGGG,UUACAUUUUGGUCUCUAUACUACAUUAUUAAUGGGUUUUGUGUACUGUAA,7.109064266811373,3.236499182206994,,,Walk
APP_2682_Asymmetric_2'-OMe/-F,APP,NM_000484,UACUACAUUAUUAAUGGGUU,ACAUUUUGGUCUCUAUACUACAUUAUUAAUGGGUUUUGUGUACUGUAAAG,32.87252522720647,3.4633057395776716,6.39567750790183,0.381391111696633,Original
APP_2684_Asymmetric_2'-OMe/-F,APP,NM_000484,CUACAUUAUUAAUGGGUUUU,AUUUUGGUCUCUAUACUACAUUAUUAAUGGGUUUUGUGUACUGUAAAGAA,63.91017622356887,8.490350617975782,,,Walk
APP_2686_Asymmetric_2'-OMe/-F,APP,NM_000484,ACAUUAUUAAUGGGUUUUGU,UUUGGUCUCUAUACUACAUUAUUAAUGGGUUUUGUGUACUGUAAAGAAUU,41.826974881383435,2.305256480527811,,,Walk
APP_2688_Asymmetric_2'-OMe/-F,APP,NM_000484,AUUAUUAAUGGGUUUUGUGU,UGGUCUCUAUACUACAUUAUUAAUGGGUUUUGUGUACUGUAAAGAAUUUA,49.87883880202557,16.44509042099228,,,Walk
APP_2690_Asymmetric_2'-OMe/-F,APP,NM_000484,UAUUAAUGGGUUUUGUGUAC,GUCUCUAUACUACAUUAUUAAUGGGUUUUGUGUACUGUAAAGAAUUUAGC,9.09089049241417,1.5276503676435358,,,Walk
APP_2692_Asymmetric_2'-OMe/-F,APP,NM_000484,UUAAUGGGUUUUGUGUACUG,CUCUAUACUACAUUAUUAAUGGGUUUUGUGUACUGUAAAGAAUUUAGCUG,8.216075884101576,1.432632110976269,,,Walk
APP_2693_Asymmetric_2'-OMe/-F,APP,NM_000484,UAAUGGGUUUUGUGUACUGU,UCUAUACUACAUUAUUAAUGGGUUUUGUGUACUGUAAAGAAUUUAGCUGU,10.170007176640986,2.3597752772091387,,,Walk
APP_2694_Asymmetric_2'-OMe/-F,APP,NM_000484,AAUGGGUUUUGUGUACUGUA,CUAUACUACAUUAUUAAUGGGUUUUGUGUACUGUAAAGAAUUUAGCUGUA,7.36891097996892,0.3635517114381487,,,Walk
APP_2695_Asymmetric_2'-OMe/-F,APP,NM_000484,AUGGGUUUUGUGUACUGUAA,UAUACUACAUUAUUAAUGGGUUUUGUGUACUGUAAAGAAUUUAGCUGUAU,10.404325169739435,0.2649996604152467,,,Walk
APP_2696_Asymmetric_2'-OMe/-F,APP,NM_000484,UGGGUUUUGUGUACUGUAAA,AUACUACAUUAUUAAUGGGUUUUGUGUACUGUAAAGAAUUUAGCUGUAUC,6.833955974452093,1.015548961551162,,,Walk
APP_2697_Asymmetric_2'-OMe/-F,APP,NM_000484,GGGUUUUGUGUACUGUAAAG,UACUACAUUAUUAAUGGGUUUUGUGUACUGUAAAGAAUUUAGCUGUAUCA,8.504834909452969,0.8445936713060859,,,Walk
APP_2698_Asymmetric_2'-OMe/-F,APP,NM_000484,GGUUUUGUGUACUGUAAAGA,ACUACAUUAUUAAUGGGUUUUGUGUACUGUAAAGAAUUUAGCUGUAUCAA,8.02650722312222,1.4552874263872444,,,Walk
APP_2699_Asymmetric_2'-OMe/-F,APP,NM_000484,GUUUUGUGUACUGUAAAGAA,CUACAUUAUUAAUGGGUUUUGUGUACUGUAAAGAAUUUAGCUGUAUCAAA,26.69860471046387,0.9693175571584315,,,Walk
APP_2700_Asymmetric_2'-OMe/-F,APP,NM_000484,UUUUGUGUACUGUAAAGAAU,UACAUUAUUAAUGGGUUUUGUGUACUGUAAAGAAUUUAGCUGUAUCAAAC,37.701763998156466,14.979211656973977,,,Walk
APP_2701_Asymmetric_2'-OMe/-F,APP,NM_000484,UUUGUGUACUGUAAAGAAUU,ACAUUAUUAAUGGGUUUUGUGUACUGUAAAGAAUUUAGCUGUAUCAAACU,59.434298032367565,0.9484733595083628,,,Walk
APP_2702_Asymmetric_2'-OMe/-F,APP,NM_000484,UUGUGUACUGUAAAGAAUUU,CAUUAUUAAUGGGUUUUGUGUACUGUAAAGAAUUUAGCUGUAUCAAACUA,11.061569792453499,1.2188636762251508,,,Walk
APP_2703_Asymmetric_2'-OMe/-F,APP,NM_000484,UGUGUACUGUAAAGAAUUUA,AUUAUUAAUGGGUUUUGUGUACUGUAAAGAAUUUAGCUGUAUCAAACUAG,10.09683520734761,1.2115037955404506,,,Walk
APP_2704_Asymmetric_2'-OMe/-F,APP,NM_000484,GUGUACUGUAAAGAAUUUAG,UUAUUAAUGGGUUUUGUGUACUGUAAAGAAUUUAGCUGUAUCAAACUAGU,12.033068711826735,1.4601246589527448,,,Walk
APP_2705_Asymmetric_2'-OMe/-F,APP,NM_000484,UGUACUGUAAAGAAUUUAGC,UAUUAAUGGGUUUUGUGUACUGUAAAGAAUUUAGCUGUAUCAAACUAGUG,23.67741909520123,1.0411923929815166,,,Walk
APP_2706_Asymmetric_2'-OMe/-F,APP,NM_000484,GUACUGUAAAGAAUUUAGCU,AUUAAUGGGUUUUGUGUACUGUAAAGAAUUUAGCUGUAUCAAACUAGUGC,19.850331034625402,2.4170244068572706,,,Walk
APP_2707_Asymmetric_2'-OMe/-F,APP,NM_000484,UACUGUAAAGAAUUUAGCUG,UUAAUGGGUUUUGUGUACUGUAAAGAAUUUAGCUGUAUCAAACUAGUGCA,20.621648495292135,2.257283426750558,,,Walk
APP_2708_Asymmetric_2'-OMe/-F,APP,NM_000484,ACUGUAAAGAAUUUAGCUGU,UAAUGGGUUUUGUGUACUGUAAAGAAUUUAGCUGUAUCAAACUAGUGCAU,16.645130382416166,1.7926397989462046,,,Walk
APP_2709_Asymmetric_2'-OMe/-F,APP,NM_000484,CUGUAAAGAAUUUAGCUGUA,AAUGGGUUUUGUGUACUGUAAAGAAUUUAGCUGUAUCAAACUAGUGCAUG,14.655002587887735,0.07400591090331296,,,Walk
APP_2710_Asymmetric_2'-OMe/-F,APP,NM_000484,UGUAAAGAAUUUAGCUGUAU,AUGGGUUUUGUGUACUGUAAAGAAUUUAGCUGUAUCAAACUAGUGCAUGA,16.036881163699864,2.333350449290972,,,Walk
APP_2711_Asymmetric_2'-OMe/-F,APP,NM_000484,GUAAAGAAUUUAGCUGUAUC,UGGGUUUUGUGUACUGUAAAGAAUUUAGCUGUAUCAAACUAGUGCAUGAA,15.040377018412933,1.6358200096740079,,,Walk
APP_2712_Asymmetric_2'-OMe/-F,APP,NM_000484,UAAAGAAUUUAGCUGUAUCA,GGGUUUUGUGUACUGUAAAGAAUUUAGCUGUAUCAAACUAGUGCAUGAAU,6.380901073224513,0.4238834909750651,,,Walk
APP_2713_Asymmetric_2'-OMe/-F,APP,NM_000484,AAAGAAUUUAGCUGUAUCAA,GGUUUUGUGUACUGUAAAGAAUUUAGCUGUAUCAAACUAGUGCAUGAAUA,13.605220699692302,1.6533137096843533,,,Walk
APP_2714_Asymmetric_2'-OMe/-F,APP,NM_000484,AAGAAUUUAGCUGUAUCAAA,GUUUUGUGUACUGUAAAGAAUUUAGCUGUAUCAAACUAGUGCAUGAAUAG,9.198048544856306,1.802753941767185,,,Walk
APP_2716_Asymmetric_2'-OMe/-F,APP,NM_000484,GAAUUUAGCUGUAUCAAACU,UUUGUGUACUGUAAAGAAUUUAGCUGUAUCAAACUAGUGCAUGAAUAGAU,24.890843979597268,3.2939278950332653,,,Walk
APP_2718_Asymmetric_2'-OMe/-F,APP,NM_000484,AUUUAGCUGUAUCAAACUAG,UGUGUACUGUAAAGAAUUUAGCUGUAUCAAACUAGUGCAUGAAUAGAUUC,50.0034749378248,5.0514919174221395,,,Walk
APP_2720_Asymmetric_2'-OMe/-F,APP,NM_000484,UUAGCUGUAUCAAACUAGUG,UGUACUGUAAAGAAUUUAGCUGUAUCAAACUAGUGCAUGAAUAGAUUCUC,14.680340278915033,1.8335479334478177,,,Walk
APP_2722_Asymmetric_2'-OMe/-F,APP,NM_000484,AGCUGUAUCAAACUAGUGCA,UACUGUAAAGAAUUUAGCUGUAUCAAACUAGUGCAUGAAUAGAUUCUCUC,18.3850785924683,1.9358979230294442,,,Walk
APP_2724_Asymmetric_2'-OMe/-F,APP,NM_000484,CUGUAUCAAACUAGUGCAUG,CUGUAAAGAAUUUAGCUGUAUCAAACUAGUGCAUGAAUAGAUUCUCUCCU,27.422610229690747,1.3192031759793803,,,Walk
APP_2725_Asymmetric_2'-OMe/-F,APP,NM_000484,UGUAUCAAACUAGUGCAUGA,UGUAAAGAAUUUAGCUGUAUCAAACUAGUGCAUGAAUAGAUUCUCUCCUG,8.689699053920217,0.6695427657969595,,,Walk
APP_2726_Asymmetric_2'-OMe/-F,APP,NM_000484,GUAUCAAACUAGUGCAUGAA,GUAAAGAAUUUAGCUGUAUCAAACUAGUGCAUGAAUAGAUUCUCUCCUGA,23.590913892845,0.34281952178689706,,,Walk
APP_2727_Asymmetric_2'-OMe/-F,APP,NM_000484,UAUCAAACUAGUGCAUGAAU,UAAAGAAUUUAGCUGUAUCAAACUAGUGCAUGAAUAGAUUCUCUCCUGAU,31.31197359981807,3.2448737865722093,,,Walk
APP_2728_Asymmetric_2'-OMe/-F,APP,NM_000484,AUCAAACUAGUGCAUGAAUA,AAAGAAUUUAGCUGUAUCAAACUAGUGCAUGAAUAGAUUCUCUCCUGAUU,18.629450790247034,1.3976701064076986,,,Walk
APP_2729_Asymmetric_2'-OMe/-F,APP,NM_000484,UCAAACUAGUGCAUGAAUAG,AAGAAUUUAGCUGUAUCAAACUAGUGCAUGAAUAGAUUCUCUCCUGAUUA,28.181585156156867,3.0777795772533865,,,Walk
APP_2730_Asymmetric_2'-OMe/-F,APP,NM_000484,CAAACUAGUGCAUGAAUAGA,AGAAUUUAGCUGUAUCAAACUAGUGCAUGAAUAGAUUCUCUCCUGAUUAU,24.041507596164365,3.8065504501322054,,,Walk
APP_2731_Asymmetric_2'-OMe/-F,APP,NM_000484,AAACUAGUGCAUGAAUAGAU,GAAUUUAGCUGUAUCAAACUAGUGCAUGAAUAGAUUCUCUCCUGAUUAUU,59.07664890579567,4.931037232671591,,,Walk
APP_2732_Asymmetric_2'-OMe/-F,APP,NM_000484,AACUAGUGCAUGAAUAGAUU,AAUUUAGCUGUAUCAAACUAGUGCAUGAAUAGAUUCUCUCCUGAUUAUUU,32.3122655875297,2.0476544608739577,,,Walk
APP_2733_Asymmetric_2'-OMe/-F,APP,NM_000484,ACUAGUGCAUGAAUAGAUUC,AUUUAGCUGUAUCAAACUAGUGCAUGAAUAGAUUCUCUCCUGAUUAUUUA,16.3807376122374,0.8426587705035133,,,Walk
APP_2735_Asymmetric_2'-OMe/-F,APP,NM_000484,UAGUGCAUGAAUAGAUUCUC,UUAGCUGUAUCAAACUAGUGCAUGAAUAGAUUCUCUCCUGAUUAUUUAUC,22.59520357339687,1.2874117536245875,6.20705485925463,2.39127283519782,Original
APP_2737_Asymmetric_2'-OMe/-F,APP,NM_000484,GUGCAUGAAUAGAUUCUCUC,AGCUGUAUCAAACUAGUGCAUGAAUAGAUUCUCUCCUGAUUAUUUAUCAC,42.237441178923895,5.169071935039098,,,Walk
APP_2739_Asymmetric_2'-OMe/-F,APP,NM_000484,GCAUGAAUAGAUUCUCUCCU,CUGUAUCAAACUAGUGCAUGAAUAGAUUCUCUCCUGAUUAUUUAUCACAU,24.296599876098867,0.9932978776800081,,,Walk
APP_2741_Asymmetric_2'-OMe/-F,APP,NM_000484,AUGAAUAGAUUCUCUCCUGA,GUAUCAAACUAGUGCAUGAAUAGAUUCUCUCCUGAUUAUUUAUCACAUAG,19.4355101430314,13.833944708509662,,,Walk
APP_2743_Asymmetric_2'-OMe/-F,APP,NM_000484,GAAUAGAUUCUCUCCUGAUU,AUCAAACUAGUGCAUGAAUAGAUUCUCUCCUGAUUAUUUAUCACAUAGCC,15.280793647216564,7.351787694954934,,,Walk
APP_2745_Asymmetric_2'-OMe/-F,APP,NM_000484,AUAGAUUCUCUCCUGAUUAU,CAAACUAGUGCAUGAAUAGAUUCUCUCCUGAUUAUUUAUCACAUAGCCCC,11.7921601520107,1.4055494732881162,,,Walk
APP_2770_Asymmetric_2'-OMe/-F,APP,NM_000484,ACAUAGCCCCUUAGCCAGUU,UCCUGAUUAUUUAUCACAUAGCCCCUUAGCCAGUUGUAUAUUAUUCUUGU,76.0706062744678,10.29441020155318,,,Walk
APP_2772_Asymmetric_2'-OMe/-F,APP,NM_000484,AUAGCCCCUUAGCCAGUUGU,CUGAUUAUUUAUCACAUAGCCCCUUAGCCAGUUGUAUAUUAUUCUUGUGG,41.373219789738265,3.4430878119397237,,,Walk
APP_2774_Asymmetric_2'-OMe/-F,APP,NM_000484,AGCCCCUUAGCCAGUUGUAU,GAUUAUUUAUCACAUAGCCCCUUAGCCAGUUGUAUAUUAUUCUUGUGGUU,38.02295478123437,1.6592341831370034,,,Walk
APP_2778_Asymmetric_2'-OMe/-F,APP,NM_000484,CCUUAGCCAGUUGUAUAUUA,AUUUAUCACAUAGCCCCUUAGCCAGUUGUAUAUUAUUCUUGUGGUUUGUG,60.68799504918953,4.363104378375721,,,Walk
APP_2780_Asymmetric_2'-OMe/-F,APP,NM_000484,UUAGCCAGUUGUAUAUUAUU,UUAUCACAUAGCCCCUUAGCCAGUUGUAUAUUAUUCUUGUGGUUUGUGAC,8.821101723136197,0.823967159249958,,,Walk
APP_2782_Asymmetric_2'-OMe/-F,APP,NM_000484,AGCCAGUUGUAUAUUAUUCU,AUCACAUAGCCCCUUAGCCAGUUGUAUAUUAUUCUUGUGGUUUGUGACCC,11.292477960108465,0.710090383579574,,,Walk
APP_2784_Asymmetric_2'-OMe/-F,APP,NM_000484,CCAGUUGUAUAUUAUUCUUG,CACAUAGCCCCUUAGCCAGUUGUAUAUUAUUCUUGUGGUUUGUGACCCAA,69.71643108836467,14.056513098951259,,,Walk
APP_2786_Asymmetric_2'-OMe/-F,APP,NM_000484,AGUUGUAUAUUAUUCUUGUG,CAUAGCCCCUUAGCCAGUUGUAUAUUAUUCUUGUGGUUUGUGACCCAAUU,75.79422754504111,17.531389664601125,,,Walk
APP_2788_Asymmetric_2'-OMe/-F,APP,NM_000484,UUGUAUAUUAUUCUUGUGGU,UAGCCCCUUAGCCAGUUGUAUAUUAUUCUUGUGGUUUGUGACCCAAUUAA,71.40715210860618,6.228837816658127,,,Walk
APP_2790_Asymmetric_2'-OMe/-F,APP,NM_000484,GUAUAUUAUUCUUGUGGUUU,GCCCCUUAGCCAGUUGUAUAUUAUUCUUGUGGUUUGUGACCCAAUUAAGU,91.89525608534885,5.391302326824971,,,Walk
APP_2792_Asymmetric_2'-OMe/-F,APP,NM_000484,AUAUUAUUCUUGUGGUUUGU,CCCUUAGCCAGUUGUAUAUUAUUCUUGUGGUUUGUGACCCAAUUAAGUCC,51.79034090769591,6.53609176331308,,,Walk
APP_2794_Asymmetric_2'-OMe/-F,APP,NM_000484,AUUAUUCUUGUGGUUUGUGA,CUUAGCCAGUUGUAUAUUAUUCUUGUGGUUUGUGACCCAAUUAAGUCCUA,48.795092040170836,1.767188295745207,,,Walk
APP_2796_Asymmetric_2'-OMe/-F,APP,NM_000484,UAUUCUUGUGGUUUGUGACC,UAGCCAGUUGUAUAUUAUUCUUGUGGUUUGUGACCCAAUUAAGUCCUACU,21.409388399474835,1.7145998564423945,,,Walk
APP_2798_Asymmetric_2'-OMe/-F,APP,NM_000484,UUCUUGUGGUUUGUGACCCA,GCCAGUUGUAUAUUAUUCUUGUGGUUUGUGACCCAAUUAAGUCCUACUUU,11.4399193280069,1.2613176024527628,,,Walk
APP_2800_Asymmetric_2'-OMe/-F,APP,NM_000484,CUUGUGGUUUGUGACCCAAU,CAGUUGUAUAUUAUUCUUGUGGUUUGUGACCCAAUUAAGUCCUACUUUAC,24.3374280710147,4.496885390038578,,,Walk
APP_2802_Asymmetric_2'-OMe/-F,APP,NM_000484,UGUGGUUUGUGACCCAAUUA,GUUGUAUAUUAUUCUUGUGGUUUGUGACCCAAUUAAGUCCUACUUUACAU,29.035787982996897,3.6307905700125467,37.1427985057285,2.21266635627484,Original
APP_2804_Asymmetric_2'-OMe/-F,APP,NM_000484,UGGUUUGUGACCCAAUUAAG,UGUAUAUUAUUCUUGUGGUUUGUGACCCAAUUAAGUCCUACUUUACAUAU,26.162876087423967,4.302729687180722,,,Walk
APP_2806_Asymmetric_2'-OMe/-F,APP,NM_000484,GUUUGUGACCCAAUUAAGUC,UAUAUUAUUCUUGUGGUUUGUGACCCAAUUAAGUCCUACUUUACAUAUGC,14.4874857044328,5.983439067816672,,,Walk
APP_2808_Asymmetric_2'-OMe/-F,APP,NM_000484,UUGUGACCCAAUUAAGUCCU,UAUUAUUCUUGUGGUUUGUGACCCAAUUAAGUCCUACUUUACAUAUGCUU,34.9116594281169,0.8657568751837782,,,Walk
APP_2810_Asymmetric_2'-OMe/-F,APP,NM_000484,GUGACCCAAUUAAGUCCUAC,UUAUUCUUGUGGUUUGUGACCCAAUUAAGUCCUACUUUACAUAUGCUUUA,11.935017053923099,2.517513656939813,,,Walk
APP_2812_Asymmetric_2'-OMe/-F,APP,NM_000484,GACCCAAUUAAGUCCUACUU,AUUCUUGUGGUUUGUGACCCAAUUAAGUCCUACUUUACAUAUGCUUUAAG,11.756341862881774,1.9042370095653876,,,Walk
APP_2864_Asymmetric_2'-OMe/-F,APP,NM_000484,UCAUGUGAACGUGGGAGUUC,UCGAUGGGGGAUGCUUCAUGUGAACGUGGGAGUUCAGCUGCUUCUCUUGC,24.7852697595859,8.583293986224387,,,Walk
APP_2866_Asymmetric_2'-OMe/-F,APP,NM_000484,AUGUGAACGUGGGAGUUCAG,GAUGGGGGAUGCUUCAUGUGAACGUGGGAGUUCAGCUGCUUCUCUUGCCU,21.845522440947565,3.454927144862059,,,Walk
APP_2868_Asymmetric_2'-OMe/-F,APP,NM_000484,GUGAACGUGGGAGUUCAGCU,UGGGGGAUGCUUCAUGUGAACGUGGGAGUUCAGCUGCUUCUCUUGCCUAA,26.850250995833566,2.1252226003685797,,,Walk
APP_2872_Asymmetric_2'-OMe/-F,APP,NM_000484,ACGUGGGAGUUCAGCUGCUU,GGAUGCUUCAUGUGAACGUGGGAGUUCAGCUGCUUCUCUUGCCUAAGUAU,22.076472455126105,5.053478547897127,,,Walk
APP_2874_Asymmetric_2'-OMe/-F,APP,NM_000484,GUGGGAGUUCAGCUGCUUCU,AUGCUUCAUGUGAACGUGGGAGUUCAGCUGCUUCUCUUGCCUAAGUAUUC,21.376606321413266,2.829198242412925,9.47622850663569,0.88537467912233,Original
APP_2876_Asymmetric_2'-OMe/-F,APP,NM_000484,GGGAGUUCAGCUGCUUCUCU,GCUUCAUGUGAACGUGGGAGUUCAGCUGCUUCUCUUGCCUAAGUAUUCCU,18.781296231020633,1.812790816340948,,,Walk
APP_2878_Asymmetric_2'-OMe/-F,APP,NM_000484,GAGUUCAGCUGCUUCUCUUG,UUCAUGUGAACGUGGGAGUUCAGCUGCUUCUCUUGCCUAAGUAUUCCUUU,12.140594760928266,1.590098503273673,,,Walk
APP_2880_Asymmetric_2'-OMe/-F,APP,NM_000484,GUUCAGCUGCUUCUCUUGCC,CAUGUGAACGUGGGAGUUCAGCUGCUUCUCUUGCCUAAGUAUUCCUUUCC,11.687922232898169,1.873087513925601,,,Walk
APP_2882_Asymmetric_2'-OMe/-F,APP,NM_000484,UCAGCUGCUUCUCUUGCCUA,UGUGAACGUGGGAGUUCAGCUGCUUCUCUUGCCUAAGUAUUCCUUUCCUG,12.288076091131197,0.7182700930230472,,,Walk
APP_2884_Asymmetric_2'-OMe/-F,APP,NM_000484,AGCUGCUUCUCUUGCCUAAG,UGAACGUGGGAGUUCAGCUGCUUCUCUUGCCUAAGUAUUCCUUUCCUGAU,19.8663995295193,2.5661369283107915,,,Walk
APP_2903_Asymmetric_2'-OMe/-F,APP,NM_000484,GUAUUCCUUUCCUGAUCACU,GCUUCUCUUGCCUAAGUAUUCCUUUCCUGAUCACUAUGCAUUUUAAAGUU,9.3768016647396,0.6961284939333103,,,Walk
APP_2905_Asymmetric_2'-OMe/-F,APP,NM_000484,AUUCCUUUCCUGAUCACUAU,UUCUCUUGCCUAAGUAUUCCUUUCCUGAUCACUAUGCAUUUUAAAGUUAA,8.63312156798528,2.55171985923669,,,Walk
APP_2907_Asymmetric_2'-OMe/-F,APP,NM_000484,UCCUUUCCUGAUCACUAUGC,CUCUUGCCUAAGUAUUCCUUUCCUGAUCACUAUGCAUUUUAAAGUUAAAC,52.72470650299013,6.591951635514613,,,Walk
APP_2909_Asymmetric_2'-OMe/-F,APP,NM_000484,CUUUCCUGAUCACUAUGCAU,CUUGCCUAAGUAUUCCUUUCCUGAUCACUAUGCAUUUUAAAGUUAAACAU,10.2868886645167,0.2816103737345433,,,Walk
APP_2911_Asymmetric_2'-OMe/-F,APP,NM_000484,UUCCUGAUCACUAUGCAUUU,UGCCUAAGUAUUCCUUUCCUGAUCACUAUGCAUUUUAAAGUUAAACAUUU,7.3156461792112,1.5963490202013126,,,Walk
APP_2913_Asymmetric_2'-OMe/-F,APP,NM_000484,CCUGAUCACUAUGCAUUUUA,CCUAAGUAUUCCUUUCCUGAUCACUAUGCAUUUUAAAGUUAAACAUUUUU,15.292964933572833,5.207682118918849,,,Walk
APP_2915_Asymmetric_2'-OMe/-F,APP,NM_000484,UGAUCACUAUGCAUUUUAAA,UAAGUAUUCCUUUCCUGAUCACUAUGCAUUUUAAAGUUAAACAUUUUUAA,4.891807397662373,1.677410765504097,,,Walk
APP_2917_Asymmetric_2'-OMe/-F,APP,NM_000484,AUCACUAUGCAUUUUAAAGU,AGUAUUCCUUUCCUGAUCACUAUGCAUUUUAAAGUUAAACAUUUUUAAGU,12.968091486574517,3.23220330217706,,,Walk
APP_2919_Asymmetric_2'-OMe/-F,APP,NM_000484,CACUAUGCAUUUUAAAGUUA,UAUUCCUUUCCUGAUCACUAUGCAUUUUAAAGUUAAACAUUUUUAAGUAU,20.380034680337502,2.787064856116095,,,Walk
APP_2921_Asymmetric_2'-OMe/-F,APP,NM_000484,CUAUGCAUUUUAAAGUUAAA,UUCCUUUCCUGAUCACUAUGCAUUUUAAAGUUAAACAUUUUUAAGUAUUU,4.032464574158833,0.4243842165013244,,,Walk
APP_2923_Asymmetric_2'-OMe/-F,APP,NM_000484,AUGCAUUUUAAAGUUAAACA,CCUUUCCUGAUCACUAUGCAUUUUAAAGUUAAACAUUUUUAAGUAUUUCA,6.219146485264683,0.7829667318179506,,,Walk
APP_2930_Asymmetric_2'-OMe/-F,APP,NM_000484,UUAAAGUUAAACAUUUUUAA,UGAUCACUAUGCAUUUUAAAGUUAAACAUUUUUAAGUAUUUCAGAUGCUU,75.43428073773056,6.4867104186123665,33.6067499074419,3.43027236015738,Original
APP_2989_Asymmetric_2'-OMe/-F,APP,NM_000484,GCAUUUUACUGUACAGAUUG,UUUUUUUCCAUGACUGCAUUUUACUGUACAGAUUGCUGCUUCUGCUAUAU,92.7132072784089,21.09770796603398,16.8831418460691,4.78509917218016,Original
APP_3031_Asymmetric_2'-OMe/-F,APP,NM_000484,AUAGGAAUUAAGAGGAUACA,UGCUAUAUUUGUGAUAUAGGAAUUAAGAGGAUACACACGUUUGUUUCUUC,9.359099344707486,1.820960221625431,,,Walk
APP_3033_Asymmetric_2'-OMe/-F,APP,NM_000484,AGGAAUUAAGAGGAUACACA,CUAUAUUUGUGAUAUAGGAAUUAAGAGGAUACACACGUUUGUUUCUUCGU,13.492672447821901,1.6667385322252268,,,Walk
APP_3035_Asymmetric_2'-OMe/-F,APP,NM_000484,GAAUUAAGAGGAUACACACG,AUAUUUGUGAUAUAGGAAUUAAGAGGAUACACACGUUUGUUUCUUCGUGC,10.665130058076123,0.9374675020538463,,,Walk
APP_3037_Asymmetric_2'-OMe/-F,APP,NM_000484,AUUAAGAGGAUACACACGUU,AUUUGUGAUAUAGGAAUUAAGAGGAUACACACGUUUGUUUCUUCGUGCCU,7.990446755941547,0.9387453392796328,,,Walk
APP_3039_Asymmetric_2'-OMe/-F,APP,NM_000484,UAAGAGGAUACACACGUUUG,UUGUGAUAUAGGAAUUAAGAGGAUACACACGUUUGUUUCUUCGUGCCUGU,6.295262009237853,0.35429407839544597,,,Walk
APP_3041_Asymmetric_2'-OMe/-F,APP,NM_000484,AGAGGAUACACACGUUUGUU,GUGAUAUAGGAAUUAAGAGGAUACACACGUUUGUUUCUUCGUGCCUGUUU,17.337227250282833,2.7656751976188962,6.74555740958268,2.36588680463733,Original
APP_3043_Asymmetric_2'-OMe/-F,APP,NM_000484,AGGAUACACACGUUUGUUUC,GAUAUAGGAAUUAAGAGGAUACACACGUUUGUUUCUUCGUGCCUGUUUUA,7.291905614408269,0.8369814091318302,,,Walk
APP_3045_Asymmetric_2'-OMe/-F,APP,NM_000484,GAUACACACGUUUGUUUCUU,UAUAGGAAUUAAGAGGAUACACACGUUUGUUUCUUCGUGCCUGUUUUAUG,15.1111002531322,1.8554073612465962,,,Walk
APP_3047_Asymmetric_2'-OMe/-F,APP,NM_000484,UACACACGUUUGUUUCUUCG,UAGGAAUUAAGAGGAUACACACGUUUGUUUCUUCGUGCCUGUUUUAUGUG,7.329274356713093,1.134310144141063,,,Walk
APP_3049_Asymmetric_2'-OMe/-F,APP,NM_000484,CACACGUUUGUUUCUUCGUG,GGAAUUAAGAGGAUACACACGUUUGUUUCUUCGUGCCUGUUUUAUGUGCA,13.776125023695565,2.575965577122607,,,Walk
APP_3051_Asymmetric_2'-OMe/-F,APP,NM_000484,CACGUUUGUUUCUUCGUGCC,AAUUAAGAGGAUACACACGUUUGUUUCUUCGUGCCUGUUUUAUGUGCACA,12.345508248493,1.1300285242148873,,,Walk
APP_3083_Asymmetric_2'-OMe/-F,APP,NM_000484,ACACAUUAGGCAUUGAGACU,GCCUGUUUUAUGUGCACACAUUAGGCAUUGAGACUUCAAGCUUUUCUUUU,14.992160582044933,4.8315166281170505,,,Walk
APP_3085_Asymmetric_2'-OMe/-F,APP,NM_000484,ACAUUAGGCAUUGAGACUUC,CUGUUUUAUGUGCACACAUUAGGCAUUGAGACUUCAAGCUUUUCUUUUUU,16.7364543252535,0.5719658060864694,,,Walk
APP_3087_Asymmetric_2'-OMe/-F,APP,NM_000484,AUUAGGCAUUGAGACUUCAA,GUUUUAUGUGCACACAUUAGGCAUUGAGACUUCAAGCUUUUCUUUUUUUG,22.285502727306802,4.025101955774532,,,Walk
APP_3089_Asymmetric_2'-OMe/-F,APP,NM_000484,UAGGCAUUGAGACUUCAAGC,UUUAUGUGCACACAUUAGGCAUUGAGACUUCAAGCUUUUCUUUUUUUGUC,13.238952761040977,8.742971936219693,,,Walk
APP_3091_Asymmetric_2'-OMe/-F,APP,NM_000484,GGCAUUGAGACUUCAAGCUU,UAUGUGCACACAUUAGGCAUUGAGACUUCAAGCUUUUCUUUUUUUGUCCA,24.106736441979468,3.4777441201875754,,,Walk
APP_3093_Asymmetric_2'-OMe/-F,APP,NM_000484,CAUUGAGACUUCAAGCUUUU,UGUGCACACAUUAGGCAUUGAGACUUCAAGCUUUUCUUUUUUUGUCCACG,29.360125785219367,9.14664380682155,32.4270342437537,8.78783969093588,Original
APP_3095_Asymmetric_2'-OMe/-F,APP,NM_000484,UUGAGACUUCAAGCUUUUCU,UGCACACAUUAGGCAUUGAGACUUCAAGCUUUUCUUUUUUUGUCCACGUA,10.327514650932462,0.82121912960615,,,Walk
APP_3097_Asymmetric_2'-OMe/-F,APP,NM_000484,GAGACUUCAAGCUUUUCUUU,CACACAUUAGGCAUUGAGACUUCAAGCUUUUCUUUUUUUGUCCACGUAUC,7.897287106912486,3.5630370930198154,,,Walk
APP_3099_Asymmetric_2'-OMe/-F,APP,NM_000484,GACUUCAAGCUUUUCUUUUU,CACAUUAGGCAUUGAGACUUCAAGCUUUUCUUUUUUUGUCCACGUAUCUU,4.940289628532023,0.30207536350402286,,,Walk
APP_3101_Asymmetric_2'-OMe/-F,APP,NM_000484,CUUCAAGCUUUUCUUUUUUU,CAUUAGGCAUUGAGACUUCAAGCUUUUCUUUUUUUGUCCACGUAUCUUUG,19.964584874886565,2.9652964576748135,,,Walk
APP_3103_Asymmetric_2'-OMe/-F,APP,NM_000484,UCAAGCUUUUCUUUUUUUGU,UUAGGCAUUGAGACUUCAAGCUUUUCUUUUUUUGUCCACGUAUCUUUGGG,18.665858542892764,1.2496513088890453,,,Walk
APP_3135_Asymmetric_2'-OMe/-F,APP,NM_000484,GGGUCUUUGAUAAAGAAAAG,UGUCCACGUAUCUUUGGGUCUUUGAUAAAGAAAAGAAUCCCUGUUCAUUG,8.300906033622644,0.6830443095758939,,,Walk
APP_3137_Asymmetric_2'-OMe/-F,APP,NM_000484,GUCUUUGAUAAAGAAAAGAA,UCCACGUAUCUUUGGGUCUUUGAUAAAGAAAAGAAUCCCUGUUCAUUGUA,26.665060756015432,4.259128420880863,,,Walk
APP_3139_Asymmetric_2'-OMe/-F,APP,NM_000484,CUUUGAUAAAGAAAAGAAUC,CACGUAUCUUUGGGUCUUUGAUAAAGAAAAGAAUCCCUGUUCAUUGUAAG,15.5929905832898,0.3339157030766894,,,Walk
APP_3141_Asymmetric_2'-OMe/-F,APP,NM_000484,UUGAUAAAGAAAAGAAUCCC,CGUAUCUUUGGGUCUUUGAUAAAGAAAAGAAUCCCUGUUCAUUGUAAGCA,7.712444664332414,0.8431689354214025,,,Walk
APP_3143_Asymmetric_2'-OMe/-F,APP,NM_000484,GAUAAAGAAAAGAAUCCCUG,UAUCUUUGGGUCUUUGAUAAAGAAAAGAAUCCCUGUUCAUUGUAAGCACU,8.142301076076409,1.9325719063315134,,,Walk
APP_3145_Asymmetric_2'-OMe/-F,APP,NM_000484,UAAAGAAAAGAAUCCCUGUU,UCUUUGGGUCUUUGAUAAAGAAAAGAAUCCCUGUUCAUUGUAAGCACUUU,14.2816490448842,3.3632057143265484,4.76622326205926,0.645599909852464,Original
APP_3147_Asymmetric_2'-OMe/-F,APP,NM_000484,AAGAAAAGAAUCCCUGUUCA,UUUGGGUCUUUGAUAAAGAAAAGAAUCCCUGUUCAUUGUAAGCACUUUUA,11.0254340363362,0.7658075982500884,,,Walk
APP_3149_Asymmetric_2'-OMe/-F,APP,NM_000484,GAAAAGAAUCCCUGUUCAUU,UGGGUCUUUGAUAAAGAAAAGAAUCCCUGUUCAUUGUAAGCACUUUUACG,14.7905538270453,0.5698912910120683,,,Walk
APP_3151_Asymmetric_2'-OMe/-F,APP,NM_000484,AAAGAAUCCCUGUUCAUUGU,GGUCUUUGAUAAAGAAAAGAAUCCCUGUUCAUUGUAAGCACUUUUACGGG,7.6332039637810665,1.709354487373167,,,Walk
APP_3153_Asymmetric_2'-OMe/-F,APP,NM_000484,AGAAUCCCUGUUCAUUGUAA,UCUUUGAUAAAGAAAAGAAUCCCUGUUCAUUGUAAGCACUUUUACGGGGC,18.018913171787233,1.6623604065954667,,,Walk
APP_3155_Asymmetric_2'-OMe/-F,APP,NM_000484,AAUCCCUGUUCAUUGUAAGC,UUUGAUAAAGAAAAGAAUCCCUGUUCAUUGUAAGCACUUUUACGGGGCGG,6.068869745638296,1.1052005225164818,,,Walk
APP_3205_Asymmetric_2'-OMe/-F,APP,NM_000484,CUGCUGGUCUUCAAUUACCA,GUGGGGAGGGGUGCUCUGCUGGUCUUCAAUUACCAAGAAUUCUCCAAAAC,8.397730422510557,0.45794122306359053,,,Walk
APP_3207_Asymmetric_2'-OMe/-F,APP,NM_000484,GCUGGUCUUCAAUUACCAAG,GGGGAGGGGUGCUCUGCUGGUCUUCAAUUACCAAGAAUUCUCCAAAACAA,11.58977909546362,2.0535077521194895,,,Walk
APP_3209_Asymmetric_2'-OMe/-F,APP,NM_000484,UGGUCUUCAAUUACCAAGAA,GGAGGGGUGCUCUGCUGGUCUUCAAUUACCAAGAAUUCUCCAAAACAAUU,18.571699789384233,2.7681794519527987,,,Walk
APP_3211_Asymmetric_2'-OMe/-F,APP,NM_000484,GUCUUCAAUUACCAAGAAUU,AGGGGUGCUCUGCUGGUCUUCAAUUACCAAGAAUUCUCCAAAACAAUUUU,11.131175133026824,2.076589842854732,,,Walk
APP_3213_Asymmetric_2'-OMe/-F,APP,NM_000484,CUUCAAUUACCAAGAAUUCU,GGGUGCUCUGCUGGUCUUCAAUUACCAAGAAUUCUCCAAAACAAUUUUCU,11.9618837516758,2.0924838501022567,,,Walk
APP_3215_Asymmetric_2'-OMe/-F,APP,NM_000484,UCAAUUACCAAGAAUUCUCC,GUGCUCUGCUGGUCUUCAAUUACCAAGAAUUCUCCAAAACAAUUUUCUGC,6.5871613744740065,0.6599364436873076,,,Walk
APP_3217_Asymmetric_2'-OMe/-F,APP,NM_000484,AAUUACCAAGAAUUCUCCAA,GCUCUGCUGGUCUUCAAUUACCAAGAAUUCUCCAAAACAAUUUUCUGCAG,14.935393569113666,0.7552189755603764,,,Walk
APP_3218_Asymmetric_2'-OMe/-F,APP,NM_000484,AUUACCAAGAAUUCUCCAAA,CUCUGCUGGUCUUCAAUUACCAAGAAUUCUCCAAAACAAUUUUCUGCAGG,9.59194857549606,1.0899395500695257,,,Walk
APP_3219_Asymmetric_2'-OMe/-F,APP,NM_000484,UUACCAAGAAUUCUCCAAAA,UCUGCUGGUCUUCAAUUACCAAGAAUUCUCCAAAACAAUUUUCUGCAGGA,7.290071519033524,1.420885110582058,,,Walk
APP_3220_Asymmetric_2'-OMe/-F,APP,NM_000484,UACCAAGAAUUCUCCAAAAC,CUGCUGGUCUUCAAUUACCAAGAAUUCUCCAAAACAAUUUUCUGCAGGAU,12.227791386539431,1.2207242848938618,,,Walk
APP_3221_Asymmetric_2'-OMe/-F,APP,NM_000484,ACCAAGAAUUCUCCAAAACA,UGCUGGUCUUCAAUUACCAAGAAUUCUCCAAAACAAUUUUCUGCAGGAUG,11.663353248179442,1.8043145620338037,,,Walk
APP_3222_Asymmetric_2'-OMe/-F,APP,NM_000484,CCAAGAAUUCUCCAAAACAA,GCUGGUCUUCAAUUACCAAGAAUUCUCCAAAACAAUUUUCUGCAGGAUGA,8.814558928634593,4.082191071256196,,,Walk
APP_3223_Asymmetric_2'-OMe/-F,APP,NM_000484,CAAGAAUUCUCCAAAACAAU,CUGGUCUUCAAUUACCAAGAAUUCUCCAAAACAAUUUUCUGCAGGAUGAU,6.710720149548696,0.5381113733263259,,,Walk
APP_3224_Asymmetric_2'-OMe/-F,APP,NM_000484,AAGAAUUCUCCAAAACAAUU,UGGUCUUCAAUUACCAAGAAUUCUCCAAAACAAUUUUCUGCAGGAUGAUU,4.736433260634594,0.3028448667464723,,,Walk
APP_3225_Asymmetric_2'-OMe/-F,APP,NM_000484,AGAAUUCUCCAAAACAAUUU,GGUCUUCAAUUACCAAGAAUUCUCCAAAACAAUUUUCUGCAGGAUGAUUG,17.8472529003881,6.173333785647833,,,Walk
APP_3226_Asymmetric_2'-OMe/-F,APP,NM_000484,GAAUUCUCCAAAACAAUUUU,GUCUUCAAUUACCAAGAAUUCUCCAAAACAAUUUUCUGCAGGAUGAUUGU,8.40593798121616,1.0807355632976516,,,Walk
APP_3228_Asymmetric_2'-OMe/-F,APP,NM_000484,AUUCUCCAAAACAAUUUUCU,CUUCAAUUACCAAGAAUUCUCCAAAACAAUUUUCUGCAGGAUGAUUGUAC,11.346957327360768,1.537526205545773,12.3111265654072,2.05551725115138,Original
APP_3230_Asymmetric_2'-OMe/-F,APP,NM_000484,UCUCCAAAACAAUUUUCUGC,UCAAUUACCAAGAAUUCUCCAAAACAAUUUUCUGCAGGAUGAUUGUACAG,10.326140892552436,0.431956902876359,,,Walk
APP_3232_Asymmetric_2'-OMe/-F,APP,NM_000484,UCCAAAACAAUUUUCUGCAG,AAUUACCAAGAAUUCUCCAAAACAAUUUUCUGCAGGAUGAUUGUACAGAA,10.592883300802534,1.0528559929950057,,,Walk
APP_3234_Asymmetric_2'-OMe/-F,APP,NM_000484,CAAAACAAUUUUCUGCAGGA,UUACCAAGAAUUCUCCAAAACAAUUUUCUGCAGGAUGAUUGUACAGAAUC,8.725793817167164,2.069024884729009,,,Walk
APP_3236_Asymmetric_2'-OMe/-F,APP,NM_000484,AAACAAUUUUCUGCAGGAUG,ACCAAGAAUUCUCCAAAACAAUUUUCUGCAGGAUGAUUGUACAGAAUCAU,10.502512320171766,7.769973922561186,,,Walk
APP_3238_Asymmetric_2'-OMe/-F,APP,NM_000484,ACAAUUUUCUGCAGGAUGAU,CAAGAAUUCUCCAAAACAAUUUUCUGCAGGAUGAUUGUACAGAAUCAUUG,12.559984019967535,2.024989105647374,,,Walk
APP_3265_Asymmetric_2'-OMe/-F,APP,NM_000484,AAUCAUUGCUUAUGACAUGA,AGGAUGAUUGUACAGAAUCAUUGCUUAUGACAUGAUCGCUUUCUACACUG,14.202801625057134,1.3570605395872177,,,Walk
APP_3267_Asymmetric_2'-OMe/-F,APP,NM_000484,UCAUUGCUUAUGACAUGAUC,GAUGAUUGUACAGAAUCAUUGCUUAUGACAUGAUCGCUUUCUACACUGUA,6.468062630478247,0.47542256654637166,,,Walk
APP_3269_Asymmetric_2'-OMe/-F,APP,NM_000484,AUUGCUUAUGACAUGAUCGC,UGAUUGUACAGAAUCAUUGCUUAUGACAUGAUCGCUUUCUACACUGUAUU,9.961828570820614,1.770486258656813,,,Walk
APP_3271_Asymmetric_2'-OMe/-F,APP,NM_000484,UGCUUAUGACAUGAUCGCUU,AUUGUACAGAAUCAUUGCUUAUGACAUGAUCGCUUUCUACACUGUAUUAC,9.853875130768229,1.1122113150530324,,,Walk
APP_3273_Asymmetric_2'-OMe/-F,APP,NM_000484,CUUAUGACAUGAUCGCUUUC,UGUACAGAAUCAUUGCUUAUGACAUGAUCGCUUUCUACACUGUAUUACAU,29.08888999447503,4.343223907012479,,,Walk
APP_3275_Asymmetric_2'-OMe/-F,APP,NM_000484,UAUGACAUGAUCGCUUUCUA,UACAGAAUCAUUGCUUAUGACAUGAUCGCUUUCUACACUGUAUUACAUAA,5.098839266108833,0.5478976702164094,,,Walk
APP_3276_Asymmetric_2'-OMe/-F,APP,NM_000484,AUGACAUGAUCGCUUUCUAC,ACAGAAUCAUUGCUUAUGACAUGAUCGCUUUCUACACUGUAUUACAUAAA,10.041610107142084,0.5592679724602936,,,Walk
APP_3277_Asymmetric_2'-OMe/-F,APP,NM_000484,UGACAUGAUCGCUUUCUACA,CAGAAUCAUUGCUUAUGACAUGAUCGCUUUCUACACUGUAUUACAUAAAU,5.892504303946833,0.6984263971293009,,,Walk
APP_3278_Asymmetric_2'-OMe/-F,APP,NM_000484,GACAUGAUCGCUUUCUACAC,AGAAUCAUUGCUUAUGACAUGAUCGCUUUCUACACUGUAUUACAUAAAUA,15.193130286066832,2.6660637652468457,,,Walk
APP_3279_Asymmetric_2'-OMe/-F,APP,NM_000484,ACAUGAUCGCUUUCUACACU,GAAUCAUUGCUUAUGACAUGAUCGCUUUCUACACUGUAUUACAUAAAUAA,15.943839206958799,5.286367702513716,,,Walk
APP_3280_Asymmetric_2'-OMe/-F,APP,NM_000484,CAUGAUCGCUUUCUACACUG,AAUCAUUGCUUAUGACAUGAUCGCUUUCUACACUGUAUUACAUAAAUAAA,19.4907370398494,3.430137732862463,,,Walk
APP_3281_Asymmetric_2'-OMe/-F,APP,NM_000484,AUGAUCGCUUUCUACACUGU,AUCAUUGCUUAUGACAUGAUCGCUUUCUACACUGUAUUACAUAAAUAAAU,13.3693615287195,3.6962518676324287,,,Original
APP_3282_Asymmetric_2'-OMe/-F,APP,NM_000484,UGAUCGCUUUCUACACUGUA,UCAUUGCUUAUGACAUGAUCGCUUUCUACACUGUAUUACAUAAAUAAAUU,10.06476182567288,0.16994936979400022,9.189354091841,0.854290392214539,Walk
APP_3283_Asymmetric_2'-OMe/-F,APP,NM_000484,GAUCGCUUUCUACACUGUAU,CAUUGCUUAUGACAUGAUCGCUUUCUACACUGUAUUACAUAAAUAAAUUA,8.73535920263248,5.426800232821196,,,Walk
APP_3274_Asymmetric_2'-OMe/-F,APP,NM_000484,UUAUGACAUGAUCGCUUUCU,GUACAGAAUCAUUGCUUAUGACAUGAUCGCUUUCUACACUGUAUUACAUA,14.587658164707564,0.7966857824380202,,,Walk
APP_3285_Asymmetric_2'-OMe/-F,APP,NM_000484,UCGCUUUCUACACUGUAUUA,UUGCUUAUGACAUGAUCGCUUUCUACACUGUAUUACAUAAAUAAAUUAAA,9.694807339678494,2.596011767119337,,,Walk
APP_3286_Asymmetric_2'-OMe/-F,APP,NM_000484,CGCUUUCUACACUGUAUUAC,UGCUUAUGACAUGAUCGCUUUCUACACUGUAUUACAUAAAUAAAUUAAAU,19.417377080106935,2.727135419978553,,,Walk
APP_3287_Asymmetric_2'-OMe/-F,APP,NM_000484,GCUUUCUACACUGUAUUACA,GCUUAUGACAUGAUCGCUUUCUACACUGUAUUACAUAAAUAAAUUAAAUA,9.908155306653937,0.6595228533946113,,,Walk
APP_3288_Asymmetric_2'-OMe/-F,APP,NM_000484,CUUUCUACACUGUAUUACAU,CUUAUGACAUGAUCGCUUUCUACACUGUAUUACAUAAAUAAAUUAAAUAA,15.188341180164334,1.851884307572089,,,Walk
APP_3289_Asymmetric_2'-OMe/-F,APP,NM_000484,UUUCUACACUGUAUUACAUA,UUAUGACAUGAUCGCUUUCUACACUGUAUUACAUAAAUAAAUUAAAUAAA,30.30087554363,5.377958939482424,,,Walk
APP_3290_Asymmetric_2'-OMe/-F,APP,NM_000484,UUCUACACUGUAUUACAUAA,UAUGACAUGAUCGCUUUCUACACUGUAUUACAUAAAUAAAUUAAAUAAAA,7.592574357529536,0.47410675038086075,,,Walk
APP_3291_Asymmetric_2'-OMe/-F,APP,NM_000484,UCUACACUGUAUUACAUAAA,AUGACAUGAUCGCUUUCUACACUGUAUUACAUAAAUAAAUUAAAUAAAAU,20.781758437186166,1.6851750145853779,,,Walk
APP_3292_Asymmetric_2'-OMe/-F,APP,NM_000484,CUACACUGUAUUACAUAAAU,UGACAUGAUCGCUUUCUACACUGUAUUACAUAAAUAAAUUAAAUAAAAUA,19.767747692606765,5.699336286532218,,,Walk
APP_3294_Asymmetric_2'-OMe/-F,APP,NM_000484,ACACUGUAUUACAUAAAUAA,ACAUGAUCGCUUUCUACACUGUAUUACAUAAAUAAAUUAAAUAAAAUAAC,25.1280398556808,3.9218882656103364,,,Walk
APP_3299_Asymmetric_2'-OMe/-F,APP,NM_000484,GUAUUACAUAAAUAAAUUAA,AUCGCUUUCUACACUGUAUUACAUAAAUAAAUUAAAUAAAAUAACCCCGG,76.5170851203667,6.177966190755492,,,Original
BACE1_1008_Asymmetric_2'-OMe/-F,BACE1,NM_012104,UGCCAACAUUGCUGCCAUCA,CAACGUCACUGUGCGUGCCAACAUUGCUGCCAUCACUGAAUCAGACAAGU,231.30787226526832,3.283973992389714,,,Walk
BACE1_1010_Asymmetric_2'-OMe/-F,BACE1,NM_012104,CCAACAUUGCUGCCAUCACU,ACGUCACUGUGCGUGCCAACAUUGCUGCCAUCACUGAAUCAGACAAGUUC,46.83314510240593,9.015598766966681,,,Walk
BACE1_1013_Asymmetric_2'-OMe/-F,BACE1,NM_012104,ACAUUGCUGCCAUCACUGAA,UCACUGUGCGUGCCAACAUUGCUGCCAUCACUGAAUCAGACAAGUUCUUC,105.52184254226523,14.919151877241912,105.75284118723782,51.999992579772524,Original
BACE1_1014_Asymmetric_2'-OMe/-F,BACE1,NM_012104,CAUUGCUGCCAUCACUGAAU,CACUGUGCGUGCCAACAUUGCUGCCAUCACUGAAUCAGACAAGUUCUUCA,73.84029312361348,2.817550048019546,,,Walk
BACE1_1016_Asymmetric_2'-OMe/-F,BACE1,NM_012104,UUGCUGCCAUCACUGAAUCA,CUGUGCGUGCCAACAUUGCUGCCAUCACUGAAUCAGACAAGUUCUUCAUC,101.23429957998461,6.159536598414642,,,Walk
BACE1_1018_Asymmetric_2'-OMe/-F,BACE1,NM_012104,GCUGCCAUCACUGAAUCAGA,GUGCGUGCCAACAUUGCUGCCAUCACUGAAUCAGACAAGUUCUUCAUCAA,38.22949015404353,7.2104165124642625,,,Walk
BACE1_1020_Asymmetric_2'-OMe/-F,BACE1,NM_012104,UGCCAUCACUGAAUCAGACA,GCGUGCCAACAUUGCUGCCAUCACUGAAUCAGACAAGUUCUUCAUCAACG,47.879514966318105,9.842983952606387,,,Walk
BACE1_1022_Asymmetric_2'-OMe/-F,BACE1,NM_012104,CCAUCACUGAAUCAGACAAG,GUGCCAACAUUGCUGCCAUCACUGAAUCAGACAAGUUCUUCAUCAACGGC,68.3342777348344,16.050924874127762,,,Walk
BACE1_1024_Asymmetric_2'-OMe/-F,BACE1,NM_012104,AUCACUGAAUCAGACAAGUU,GCCAACAUUGCUGCCAUCACUGAAUCAGACAAGUUCUUCAUCAACGGCUC,41.301386993906334,7.172558159268685,,,Walk
BACE1_1028_Asymmetric_2'-OMe/-F,BACE1,NM_012104,CUGAAUCAGACAAGUUCUUC,ACAUUGCUGCCAUCACUGAAUCAGACAAGUUCUUCAUCAACGGCUCCAAC,57.9882713151385,14.03056541536755,,,Walk
BACE1_1229_Asymmetric_2'-OMe/-F,BACE1,NM_012104,UCGGAGGGAGCAUGAUCAUU,AAGUGCUGGCCUCUGUCGGAGGGAGCAUGAUCAUUGGAGGUAUCGACCAC,84.10261779608311,6.449554625587066,75.8264447526605,9.76104521841891,Original
BACE1_1304_Asymmetric_2'-OMe/-F,BACE1,NM_012104,GGGAGUGGUAUUAUGAGGUG,AUACACCCAUCCGGCGGGAGUGGUAUUAUGAGGUGAUCAUUGUGCGGGUG,79.37500101011297,13.36427150454248,31.2642323683823,4.03373243396811,Original
BACE1_1361_Asymmetric_2'-OMe/-F,BACE1,NM_012104,AAAUGGACUGCAAGGAGUAC,AUGGACAGGAUCUGAAAAUGGACUGCAAGGAGUACAACUAUGACAAGAGC,113.85897332884083,26.691004564324185,73.6865769529516,3.51038141391721,Original
BACE1_1416_Asymmetric_2'-OMe/-F,BACE1,NM_012104,CAACCUUCGUUUGCCCAAGA,GGACAGUGGCACCACCAACCUUCGUUUGCCCAAGAAAGUGUUUGAAGCUG,41.4534473593217,22.238855565106636,,,Walk
BACE1_1418_Asymmetric_2'-OMe/-F,BACE1,NM_012104,ACCUUCGUUUGCCCAAGAAA,ACAGUGGCACCACCAACCUUCGUUUGCCCAAGAAAGUGUUUGAAGCUGCA,84.49226649912003,16.96700158122071,,,Walk
BACE1_1420_Asymmetric_2'-OMe/-F,BACE1,NM_012104,CUUCGUUUGCCCAAGAAAGU,AGUGGCACCACCAACCUUCGUUUGCCCAAGAAAGUGUUUGAAGCUGCAGU,19.563522933845032,6.5642455410488845,,,Walk
BACE1_1422_Asymmetric_2'-OMe/-F,BACE1,NM_012104,UCGUUUGCCCAAGAAAGUGU,UGGCACCACCAACCUUCGUUUGCCCAAGAAAGUGUUUGAAGCUGCAGUCA,139.4306018390363,8.00750251745954,,,Walk
BACE1_1424_Asymmetric_2'-OMe/-F,BACE1,NM_012104,GUUUGCCCAAGAAAGUGUUU,GCACCACCAACCUUCGUUUGCCCAAGAAAGUGUUUGAAGCUGCAGUCAAA,80.69512980915634,7.717805787466568,,,Walk
BACE1_1426_Asymmetric_2'-OMe/-F,BACE1,NM_012104,UUGCCCAAGAAAGUGUUUGA,ACCACCAACCUUCGUUUGCCCAAGAAAGUGUUUGAAGCUGCAGUCAAAUC,25.1379708454155,5.83746288799239,37.6988371880643,22.6379905710316,Original
BACE1_1428_Asymmetric_2'-OMe/-F,BACE1,NM_012104,GCCCAAGAAAGUGUUUGAAG,CACCAACCUUCGUUUGCCCAAGAAAGUGUUUGAAGCUGCAGUCAAAUCCA,108.38925283853344,11.244724385132795,,,Walk
BACE1_1430_Asymmetric_2'-OMe/-F,BACE1,NM_012104,CCAAGAAAGUGUUUGAAGCU,CCAACCUUCGUUUGCCCAAGAAAGUGUUUGAAGCUGCAGUCAAAUCCAUC,116.9605231195816,54.51713293462897,,,Walk
BACE1_1432_Asymmetric_2'-OMe/-F,BACE1,NM_012104,AAGAAAGUGUUUGAAGCUGC,AACCUUCGUUUGCCCAAGAAAGUGUUUGAAGCUGCAGUCAAAUCCAUCAA,52.900774137820804,13.668235744268554,,,Walk
BACE1_1434_Asymmetric_2'-OMe/-F,BACE1,NM_012104,GAAAGUGUUUGAAGCUGCAG,CCUUCGUUUGCCCAAGAAAGUGUUUGAAGCUGCAGUCAAAUCCAUCAAGG,85.71670199035111,10.367133336837153,,,Walk
BACE1_1436_Asymmetric_2'-OMe/-F,BACE1,NM_012104,AAGUGUUUGAAGCUGCAGUC,UUCGUUUGCCCAAGAAAGUGUUUGAAGCUGCAGUCAAAUCCAUCAAGGCA,96.91479348614526,19.534717856333703,,,Walk
BACE1_1496_Asymmetric_2'-OMe/-F,BACE1,NM_012104,AUGGUUUCUGGCUAGGAGAG,CGGAGAAGUUCCCUGAUGGUUUCUGGCUAGGAGAGCAGCUGGUGUGCUGG,80.57268883149459,1.0408823001226815,59.1196937088359,7.98580853050333,Original
BACE1_1581_Asymmetric_2'-OMe/-F,BACE1,NM_012104,AAUGGGUGAGGUUACCAACC,CAUCUCACUCUACCUAAUGGGUGAGGUUACCAACCAGUCCUUCCGCAUCA,127.30506474470333,37.088889327602274,,,Walk
BACE1_1583_Asymmetric_2'-OMe/-F,BACE1,NM_012104,UGGGUGAGGUUACCAACCAG,UCUCACUCUACCUAAUGGGUGAGGUUACCAACCAGUCCUUCCGCAUCACC,78.87057796116339,34.89614065735417,,,Walk
BACE1_1585_Asymmetric_2'-OMe/-F,BACE1,NM_012104,GGUGAGGUUACCAACCAGUC,UCACUCUACCUAAUGGGUGAGGUUACCAACCAGUCCUUCCGCAUCACCAU,77.93471237919306,12.813161086197978,,,Walk
BACE1_1587_Asymmetric_2'-OMe/-F,BACE1,NM_012104,UGAGGUUACCAACCAGUCCU,ACUCUACCUAAUGGGUGAGGUUACCAACCAGUCCUUCCGCAUCACCAUCC,42.127655342408566,14.239550541290791,,,Walk
BACE1_1589_Asymmetric_2'-OMe/-F,BACE1,NM_012104,AGGUUACCAACCAGUCCUUC,UCUACCUAAUGGGUGAGGUUACCAACCAGUCCUUCCGCAUCACCAUCCUU,53.929622378084424,6.080934801802719,,,Walk
BACE1_1591_Asymmetric_2'-OMe/-F,BACE1,NM_012104,GUUACCAACCAGUCCUUCCG,UACCUAAUGGGUGAGGUUACCAACCAGUCCUUCCGCAUCACCAUCCUUCC,45.43782800419944,19.40809902143088,70.0659434716999,8.47224683860228,Original
BACE1_1593_Asymmetric_2'-OMe/-F,BACE1,NM_012104,UACCAACCAGUCCUUCCGCA,CCUAAUGGGUGAGGUUACCAACCAGUCCUUCCGCAUCACCAUCCUUCCGC,35.597799466321796,4.680101696556281,,,Walk
BACE1_1597_Asymmetric_2'-OMe/-F,BACE1,NM_012104,AACCAGUCCUUCCGCAUCAC,AUGGGUGAGGUUACCAACCAGUCCUUCCGCAUCACCAUCCUUCCGCAGCA,48.851775960442204,2.365870723615251,,,Walk
BACE1_1601_Asymmetric_2'-OMe/-F,BACE1,NM_012104,AGUCCUUCCGCAUCACCAUC,GUGAGGUUACCAACCAGUCCUUCCGCAUCACCAUCCUUCCGCAGCAAUAC,27.35741235910707,7.044314293655978,,,Walk
BACE1_1687_Asymmetric_2'-OMe/-F,BACE1,NM_012104,GCCAUCUCACAGUCAUCCAC,GACUGUUACAAGUUUGCCAUCUCACAGUCAUCCACGGGCACUGUUAUGGG,98.28941674414061,8.293956256421179,108.62448432595754,32.55274090180881,Original
BACE1_1745_Asymmetric_2'-OMe/-F,BACE1,NM_012104,ACGUUGUCUUUGAUCGGGCC,UCAUGGAGGGCUUCUACGUUGUCUUUGAUCGGGCCCGAAAACGAAUUGGC,25.140780681835697,3.43514524083246,,,Walk
BACE1_1749_Asymmetric_2'-OMe/-F,BACE1,NM_012104,UGUCUUUGAUCGGGCCCGAA,GGAGGGCUUCUACGUUGUCUUUGAUCGGGCCCGAAAACGAAUUGGCUUUG,26.272307634990966,5.517826570660933,,,Walk
BACE1_1751_Asymmetric_2'-OMe/-F,BACE1,NM_012104,UCUUUGAUCGGGCCCGAAAA,AGGGCUUCUACGUUGUCUUUGAUCGGGCCCGAAAACGAAUUGGCUUUGCU,64.9125751919257,19.919899204191967,,,Walk
BACE1_1753_Asymmetric_2'-OMe/-F,BACE1,NM_012104,UUUGAUCGGGCCCGAAAACG,GGCUUCUACGUUGUCUUUGAUCGGGCCCGAAAACGAAUUGGCUUUGCUGU,71.45232505835533,4.3728490335117645,,,Walk
BACE1_1755_Asymmetric_2'-OMe/-F,BACE1,NM_012104,UGAUCGGGCCCGAAAACGAA,CUUCUACGUUGUCUUUGAUCGGGCCCGAAAACGAAUUGGCUUUGCUGUCA,61.263413190668366,9.803386911385534,47.086006637044,11.4322304553845,Original
BACE1_1757_Asymmetric_2'-OMe/-F,BACE1,NM_012104,AUCGGGCCCGAAAACGAAUU,UCUACGUUGUCUUUGAUCGGGCCCGAAAACGAAUUGGCUUUGCUGUCAGC,77.49619244535403,14.45809064562923,,,Walk
BACE1_1761_Asymmetric_2'-OMe/-F,BACE1,NM_012104,GGCCCGAAAACGAAUUGGCU,CGUUGUCUUUGAUCGGGCCCGAAAACGAAUUGGCUUUGCUGUCAGCGCUU,24.96431764984207,6.402454294797236,,,Walk
BACE1_1763_Asymmetric_2'-OMe/-F,BACE1,NM_012104,CCCGAAAACGAAUUGGCUUU,UUGUCUUUGAUCGGGCCCGAAAACGAAUUGGCUUUGCUGUCAGCGCUUGC,44.41206758164626,1.610575264864323,,,Walk
BACE1_1765_Asymmetric_2'-OMe/-F,BACE1,NM_012104,CGAAAACGAAUUGGCUUUGC,GUCUUUGAUCGGGCCCGAAAACGAAUUGGCUUUGCUGUCAGCGCUUGCCA,28.085880646209333,3.522897378767156,,,Walk
BACE1_1846_Asymmetric_2'-OMe/-F,BACE1,NM_012104,ACCUUGGACAUGGAAGACUG,GAAGGCCCUUUUGUCACCUUGGACAUGGAAGACUGUGGCUACAACAUUCC,83.0922969625621,6.07567047895664,58.8993461872074,6.87173032919613,Original
BACE1_1901_Asymmetric_2'-OMe/-F,BACE1,NM_012104,UCAUGACCAUAGCCUAUGUC,CAGAUGAGUCAACCCUCAUGACCAUAGCCUAUGUCAUGGCUGCCAUCUGC,91.54031148425874,12.826295886627912,64.2144353186927,15.6209928863072,Original
BACE1_2027_Asymmetric_2'-OMe/-F,BACE1,NM_012104,UCUCCCUGCUGAAGUGAGGA,ACUUUGCUGAUGACAUCUCCCUGCUGAAGUGAGGAGGCCCAUGGGCAGAA,66.74037981470543,6.9673158792912435,60.8134103139991,21.6723309270178,Original
BACE1_2179_Asymmetric_2'-OMe/-F,BACE1,NM_012104,CUUGAUGGAGAAGGAAAAGG,ACCAAAUGCCUCUGCCUUGAUGGAGAAGGAAAAGGCUGGCAAGGUGGGUU,90.21106510235423,10.805359699094724,76.3810867893936,16.9025120329013,Original
BACE1_2316_Asymmetric_2'-OMe/-F,BACE1,NM_012104,UUGAAACUUCAGCCCUGAAC,GGGAAAUUCUGCUGCUUGAAACUUCAGCCCUGAACCUUUGUCCACCAUUC,30.563292132264333,0.14021542155662306,,,Walk
BACE1_2318_Asymmetric_2'-OMe/-F,BACE1,NM_012104,GAAACUUCAGCCCUGAACCU,GAAAUUCUGCUGCUUGAAACUUCAGCCCUGAACCUUUGUCCACCAUUCCU,43.18335681590933,4.016675821687755,,,Walk
BACE1_2320_Asymmetric_2'-OMe/-F,BACE1,NM_012104,AACUUCAGCCCUGAACCUUU,AAUUCUGCUGCUUGAAACUUCAGCCCUGAACCUUUGUCCACCAUUCCUUU,60.07192256574223,5.065419545818422,,,Walk
BACE1_2322_Asymmetric_2'-OMe/-F,BACE1,NM_012104,CUUCAGCCCUGAACCUUUGU,UUCUGCUGCUUGAAACUUCAGCCCUGAACCUUUGUCCACCAUUCCUUUAA,58.39628273161833,6.273881849685377,,,Walk
BACE1_2324_Asymmetric_2'-OMe/-F,BACE1,NM_012104,UCAGCCCUGAACCUUUGUCC,CUGCUGCUUGAAACUUCAGCCCUGAACCUUUGUCCACCAUUCCUUUAAAU,32.111527144552234,15.552907505289918,,,Walk
BACE1_2326_Asymmetric_2'-OMe/-F,BACE1,NM_012104,AGCCCUGAACCUUUGUCCAC,GCUGCUUGAAACUUCAGCCCUGAACCUUUGUCCACCAUUCCUUUAAAUUC,40.348996209523634,4.0919965666270235,50.7220943960259,6.80744683950914,Original
BACE1_2328_Asymmetric_2'-OMe/-F,BACE1,NM_012104,CCCUGAACCUUUGUCCACCA,UGCUUGAAACUUCAGCCCUGAACCUUUGUCCACCAUUCCUUUAAAUUCUC,58.5155018658694,14.180288414484362,,,Walk
BACE1_2330_Asymmetric_2'-OMe/-F,BACE1,NM_012104,CUGAACCUUUGUCCACCAUU,CUUGAAACUUCAGCCCUGAACCUUUGUCCACCAUUCCUUUAAAUUCUCCA,30.21509970144213,3.114631247882816,,,Walk
BACE1_2332_Asymmetric_2'-OMe/-F,BACE1,NM_012104,GAACCUUUGUCCACCAUUCC,UGAAACUUCAGCCCUGAACCUUUGUCCACCAUUCCUUUAAAUUCUCCAAC,42.357395117866,7.903842754530017,,,Walk
BACE1_2334_Asymmetric_2'-OMe/-F,BACE1,NM_012104,ACCUUUGUCCACCAUUCCUU,AAACUUCAGCCCUGAACCUUUGUCCACCAUUCCUUUAAAUUCUCCAACCC,38.822823800885665,5.992318359567736,,,Walk
BACE1_2336_Asymmetric_2'-OMe/-F,BACE1,NM_012104,CUUUGUCCACCAUUCCUUUA,ACUUCAGCCCUGAACCUUUGUCCACCAUUCCUUUAAAUUCUCCAACCCAA,31.636941844520635,1.7020823075808755,,,Walk
BACE1_2469_Asymmetric_2'-OMe/-F,BACE1,NM_012104,GUUUCCCUGCUGGCCAAAGU,GAAGAGACCAAGCUUGUUUCCCUGCUGGCCAAAGUCAGUAGGAGAGGAUG,100.57697115856784,24.77216998632642,74.4407839276724,11.9095507955557,Original
BACE1_2546_Asymmetric_2'-OMe/-F,BACE1,NM_012104,AGCCUAACAUUGGUGCAAAG,GGGACUGUAUAAACAAGCCUAACAUUGGUGCAAAGAUUGCCUCUUGAAUU,29.238244694208532,4.0161789933160925,,,Walk
BACE1_2548_Asymmetric_2'-OMe/-F,BACE1,NM_012104,CCUAACAUUGGUGCAAAGAU,GACUGUAUAAACAAGCCUAACAUUGGUGCAAAGAUUGCCUCUUGAAUUAA,50.04077007350787,7.793675267174181,,,Walk
BACE1_2550_Asymmetric_2'-OMe/-F,BACE1,NM_012104,UAACAUUGGUGCAAAGAUUG,CUGUAUAAACAAGCCUAACAUUGGUGCAAAGAUUGCCUCUUGAAUUAAAA,12.57622325424648,3.430649305076078,,,Walk
BACE1_2552_Asymmetric_2'-OMe/-F,BACE1,NM_012104,ACAUUGGUGCAAAGAUUGCC,GUAUAAACAAGCCUAACAUUGGUGCAAAGAUUGCCUCUUGAAUUAAAAAA,27.287935492384502,4.381081712753856,,,Walk
BACE1_2554_Asymmetric_2'-OMe/-F,BACE1,NM_012104,AUUGGUGCAAAGAUUGCCUC,AUAAACAAGCCUAACAUUGGUGCAAAGAUUGCCUCUUGAAUUAAAAAAAA,20.768967327755032,6.096703203718677,,,Walk
BACE1_2556_Asymmetric_2'-OMe/-F,BACE1,NM_012104,UGGUGCAAAGAUUGCCUCUU,AAACAAGCCUAACAUUGGUGCAAAGAUUGCCUCUUGAAUUAAAAAAAAAA,21.515278558774536,0.15412672775160083,,,Walk
BACE1_2558_Asymmetric_2'-OMe/-F,BACE1,NM_012104,GUGCAAAGAUUGCCUCUUGA,ACAAGCCUAACAUUGGUGCAAAGAUUGCCUCUUGAAUUAAAAAAAAAAAC,20.0124378977337,4.335289895669212,,,Walk
BACE1_2560_Asymmetric_2'-OMe/-F,BACE1,NM_012104,GCAAAGAUUGCCUCUUGAAU,AAGCCUAACAUUGGUGCAAAGAUUGCCUCUUGAAUUAAAAAAAAAAACUA,29.5659070031809,2.2728116485960044,,,Walk
BACE1_2562_Asymmetric_2'-OMe/-F,BACE1,NM_012104,AAAGAUUGCCUCUUGAAUUA,GCCUAACAUUGGUGCAAAGAUUGCCUCUUGAAUUAAAAAAAAAAACUAGA,17.42719732941623,2.93132613299177,,,Walk
BACE1_2564_Asymmetric_2'-OMe/-F,BACE1,NM_012104,AGAUUGCCUCUUGAAUUAAA,CUAACAUUGGUGCAAAGAUUGCCUCUUGAAUUAAAAAAAAAAACUAGAUU,24.0232114316649,3.3959210084192075,,,Walk
BACE1_2566_Asymmetric_2'-OMe/-F,BACE1,NM_012104,AUUGCCUCUUGAAUUAAAAA,AACAUUGGUGCAAAGAUUGCCUCUUGAAUUAAAAAAAAAAACUAGAUUGA,16.987987349830732,2.88734474502268,,,Walk
BACE1_2579_Asymmetric_2'-OMe/-F,BACE1,NM_012104,UUAAAAAAAAAAACUAGAUU,AGAUUGCCUCUUGAAUUAAAAAAAAAAACUAGAUUGACUAUUUAUACAAA,186.83081854524116,168.5349179007373,81.85904582147249,23.575275242547335,Original
BACE1_2581_Asymmetric_2'-OMe/-F,BACE1,NM_012104,AAAAAAAAAAACUAGAUUGA,AUUGCCUCUUGAAUUAAAAAAAAAAACUAGAUUGACUAUUUAUACAAAUG,34.406793305409934,6.173496664837327,,,Walk
BACE1_2583_Asymmetric_2'-OMe/-F,BACE1,NM_012104,AAAAAAAAACUAGAUUGACU,UGCCUCUUGAAUUAAAAAAAAAAACUAGAUUGACUAUUUAUACAAAUGGG,29.357431174511365,1.2319711559279831,,,Walk
BACE1_2585_Asymmetric_2'-OMe/-F,BACE1,NM_012104,AAAAAAACUAGAUUGACUAU,CCUCUUGAAUUAAAAAAAAAAACUAGAUUGACUAUUUAUACAAAUGGGGG,27.209280615872064,6.807684513021139,,,Walk
BACE1_2589_Asymmetric_2'-OMe/-F,BACE1,NM_012104,AAACUAGAUUGACUAUUUAU,UUGAAUUAAAAAAAAAAACUAGAUUGACUAUUUAUACAAAUGGGGGCGGC,34.33104533923517,2.3476952702000573,,,Walk
BACE1_2701_Asymmetric_2'-OMe/-F,BACE1,NM_012104,CUCACCAGUCCUAGUUUUAG,GCAGAAACACAACCACUCACCAGUCCUAGUUUUAGACCUCAUCUCCAAGA,48.5136514242123,8.683383596911856,,,Walk
BACE1_2703_Asymmetric_2'-OMe/-F,BACE1,NM_012104,CACCAGUCCUAGUUUUAGAC,AGAAACACAACCACUCACCAGUCCUAGUUUUAGACCUCAUCUCCAAGAUA,56.97478853911506,11.516649703850572,,,Walk
BACE1_2705_Asymmetric_2'-OMe/-F,BACE1,NM_012104,CCAGUCCUAGUUUUAGACCU,AAACACAACCACUCACCAGUCCUAGUUUUAGACCUCAUCUCCAAGAUAGC,46.38845117284893,15.082839947393262,,,Walk
BACE1_2707_Asymmetric_2'-OMe/-F,BACE1,NM_012104,AGUCCUAGUUUUAGACCUCA,ACACAACCACUCACCAGUCCUAGUUUUAGACCUCAUCUCCAAGAUAGCAU,27.71008359509207,6.656908664767694,,,Walk
BACE1_2709_Asymmetric_2'-OMe/-F,BACE1,NM_012104,UCCUAGUUUUAGACCUCAUC,ACAACCACUCACCAGUCCUAGUUUUAGACCUCAUCUCCAAGAUAGCAUCC,47.954525738904174,6.401422889669399,,,Walk
BACE1_2711_Asymmetric_2'-OMe/-F,BACE1,NM_012104,CUAGUUUUAGACCUCAUCUC,AACCACUCACCAGUCCUAGUUUUAGACCUCAUCUCCAAGAUAGCAUCCCA,57.6365892375896,10.656719127669232,50.98490037802654,44.57721199957279,Original
BACE1_2713_Asymmetric_2'-OMe/-F,BACE1,NM_012104,AGUUUUAGACCUCAUCUCCA,CCACUCACCAGUCCUAGUUUUAGACCUCAUCUCCAAGAUAGCAUCCCAUC,34.772830903045595,6.618618813674573,,,Walk
BACE1_2715_Asymmetric_2'-OMe/-F,BACE1,NM_012104,UUUUAGACCUCAUCUCCAAG,ACUCACCAGUCCUAGUUUUAGACCUCAUCUCCAAGAUAGCAUCCCAUCUC,36.88936298627867,4.214208328646317,,,Walk
BACE1_2719_Asymmetric_2'-OMe/-F,BACE1,NM_012104,AGACCUCAUCUCCAAGAUAG,ACCAGUCCUAGUUUUAGACCUCAUCUCCAAGAUAGCAUCCCAUCUCAGAA,32.318267698430866,8.186359531013961,,,Walk
BACE1_2721_Asymmetric_2'-OMe/-F,BACE1,NM_012104,ACCUCAUCUCCAAGAUAGCA,CAGUCCUAGUUUUAGACCUCAUCUCCAAGAUAGCAUCCCAUCUCAGAAGA,47.02273999575377,13.664789818954478,,,Walk
BACE1_2820_Asymmetric_2'-OMe/-F,BACE1,NM_012104,GCUUAUCUAGCCAAAGAGCU,AGUGAGAUGGGAAGGGCUUAUCUAGCCAAAGAGCUCUUUUUUAGCUCUCU,95.21299161906093,5.7781865385747455,34.9816141019823,16.7850626500953,Original
BACE1_2859_Asymmetric_2'-OMe/-F,BACE1,NM_012104,UGAAGUGCCCACUAAGAAGU,UUUAGCUCUCUUAAAUGAAGUGCCCACUAAGAAGUUCCACUUAACACAUG,40.3891576618174,6.731889215301615,,,Walk
BACE1_2861_Asymmetric_2'-OMe/-F,BACE1,NM_012104,AAGUGCCCACUAAGAAGUUC,UAGCUCUCUUAAAUGAAGUGCCCACUAAGAAGUUCCACUUAACACAUGAA,52.99581761847847,31.815489441318633,,,Walk
BACE1_2863_Asymmetric_2'-OMe/-F,BACE1,NM_012104,GUGCCCACUAAGAAGUUCCA,GCUCUCUUAAAUGAAGUGCCCACUAAGAAGUUCCACUUAACACAUGAAUU,69.84194599897027,28.414332790314255,,,Walk
BACE1_2865_Asymmetric_2'-OMe/-F,BACE1,NM_012104,GCCCACUAAGAAGUUCCACU,UCUCUUAAAUGAAGUGCCCACUAAGAAGUUCCACUUAACACAUGAAUUUC,88.27256481241376,31.134063673115243,,,Walk
BACE1_2867_Asymmetric_2'-OMe/-F,BACE1,NM_012104,CCACUAAGAAGUUCCACUUA,UCUUAAAUGAAGUGCCCACUAAGAAGUUCCACUUAACACAUGAAUUUCUG,46.28148783094836,14.10470764872813,,,Walk
BACE1_2869_Asymmetric_2'-OMe/-F,BACE1,NM_012104,ACUAAGAAGUUCCACUUAAC,UUAAAUGAAGUGCCCACUAAGAAGUUCCACUUAACACAUGAAUUUCUGCC,48.412108244627696,3.5741148910489575,,,Walk
BACE1_2871_Asymmetric_2'-OMe/-F,BACE1,NM_012104,UAAGAAGUUCCACUUAACAC,AAAUGAAGUGCCCACUAAGAAGUUCCACUUAACACAUGAAUUUCUGCCAU,57.200545817075835,5.809230901425983,,,Walk
BACE1_2873_Asymmetric_2'-OMe/-F,BACE1,NM_012104,AGAAGUUCCACUUAACACAU,AUGAAGUGCCCACUAAGAAGUUCCACUUAACACAUGAAUUUCUGCCAUAU,40.8570734070582,12.21209709086824,,,Walk
BACE1_2875_Asymmetric_2'-OMe/-F,BACE1,NM_012104,AAGUUCCACUUAACACAUGA,GAAGUGCCCACUAAGAAGUUCCACUUAACACAUGAAUUUCUGCCAUAUUA,51.16815798399633,6.346364046415913,,,Walk
BACE1_2877_Asymmetric_2'-OMe/-F,BACE1,NM_012104,GUUCCACUUAACACAUGAAU,AGUGCCCACUAAGAAGUUCCACUUAACACAUGAAUUUCUGCCAUAUUAAU,30.886344690431134,3.095621302199608,,,Walk
BACE1_2879_Asymmetric_2'-OMe/-F,BACE1,NM_012104,UCCACUUAACACAUGAAUUU,UGCCCACUAAGAAGUUCCACUUAACACAUGAAUUUCUGCCAUAUUAAUUU,32.22749614999733,3.611315728228076,,,Walk
BACE1_2890_Asymmetric_2'-OMe/-F,BACE1,NM_012104,CAUGAAUUUCUGCCAUAUUA,AAGUUCCACUUAACACAUGAAUUUCUGCCAUAUUAAUUUCAUUGUCUCUA,48.809691609609565,7.571848894989482,,,Walk
BACE1_2892_Asymmetric_2'-OMe/-F,BACE1,NM_012104,UGAAUUUCUGCCAUAUUAAU,GUUCCACUUAACACAUGAAUUUCUGCCAUAUUAAUUUCAUUGUCUCUAUC,44.14951625283203,3.118573331993655,,,Walk
BACE1_2894_Asymmetric_2'-OMe/-F,BACE1,NM_012104,AAUUUCUGCCAUAUUAAUUU,UCCACUUAACACAUGAAUUUCUGCCAUAUUAAUUUCAUUGUCUCUAUCUG,67.11097287607633,15.294347459927211,,,Walk
BACE1_2896_Asymmetric_2'-OMe/-F,BACE1,NM_012104,UUUCUGCCAUAUUAAUUUCA,CACUUAACACAUGAAUUUCUGCCAUAUUAAUUUCAUUGUCUCUAUCUGAA,90.3114777625125,21.35621588227246,,,Walk
BACE1_2898_Asymmetric_2'-OMe/-F,BACE1,NM_012104,UCUGCCAUAUUAAUUUCAUU,CUUAACACAUGAAUUUCUGCCAUAUUAAUUUCAUUGUCUCUAUCUGAACC,32.88533781563737,4.124052959972077,,,Walk
BACE1_2902_Asymmetric_2'-OMe/-F,BACE1,NM_012104,CCAUAUUAAUUUCAUUGUCU,ACACAUGAAUUUCUGCCAUAUUAAUUUCAUUGUCUCUAUCUGAACCACCC,56.64668345157054,3.1130505026739343,,,Walk
BACE1_2904_Asymmetric_2'-OMe/-F,BACE1,NM_012104,AUAUUAAUUUCAUUGUCUCU,ACAUGAAUUUCUGCCAUAUUAAUUUCAUUGUCUCUAUCUGAACCACCCUU,37.477352470778634,2.055163874416469,,,Walk
BACE1_2906_Asymmetric_2'-OMe/-F,BACE1,NM_012104,AUUAAUUUCAUUGUCUCUAU,AUGAAUUUCUGCCAUAUUAAUUUCAUUGUCUCUAUCUGAACCACCCUUUA,93.37206536511742,17.88447453392513,,,Walk
BACE1_2908_Asymmetric_2'-OMe/-F,BACE1,NM_012104,UAAUUUCAUUGUCUCUAUCU,GAAUUUCUGCCAUAUUAAUUUCAUUGUCUCUAUCUGAACCACCCUUUAUU,102.24344002540609,36.97472960397635,,,Walk
BACE1_2916_Asymmetric_2'-OMe/-F,BACE1,NM_012104,UUGUCUCUAUCUGAACCACC,GCCAUAUUAAUUUCAUUGUCUCUAUCUGAACCACCCUUUAUUCUACAUAU,55.085417877780735,1.0295236097386171,,,Walk
BACE1_2918_Asymmetric_2'-OMe/-F,BACE1,NM_012104,GUCUCUAUCUGAACCACCCU,CAUAUUAAUUUCAUUGUCUCUAUCUGAACCACCCUUUAUUCUACAUAUGA,63.439732047009265,9.832401934005444,,,Walk
BACE1_2920_Asymmetric_2'-OMe/-F,BACE1,NM_012104,CUCUAUCUGAACCACCCUUU,UAUUAAUUUCAUUGUCUCUAUCUGAACCACCCUUUAUUCUACAUAUGAUA,49.082543492663774,7.888529718541732,,,Walk
BACE1_2922_Asymmetric_2'-OMe/-F,BACE1,NM_012104,CUAUCUGAACCACCCUUUAU,UUAAUUUCAUUGUCUCUAUCUGAACCACCCUUUAUUCUACAUAUGAUAGG,92.78521226048697,12.663073560294647,,,Walk
BACE1_2924_Asymmetric_2'-OMe/-F,BACE1,NM_012104,AUCUGAACCACCCUUUAUUC,AAUUUCAUUGUCUCUAUCUGAACCACCCUUUAUUCUACAUAUGAUAGGCA,49.6110463743789,7.3131229214421225,,,Walk
BACE1_2926_Asymmetric_2'-OMe/-F,BACE1,NM_012104,CUGAACCACCCUUUAUUCUA,UUUCAUUGUCUCUAUCUGAACCACCCUUUAUUCUACAUAUGAUAGGCAGC,57.485888061485234,11.30383051739429,25.009025312652,2.32041995804591,Original
BACE1_2928_Asymmetric_2'-OMe/-F,BACE1,NM_012104,GAACCACCCUUUAUUCUACA,UCAUUGUCUCUAUCUGAACCACCCUUUAUUCUACAUAUGAUAGGCAGCAC,64.90578416244045,7.208211753699228,,,Walk
BACE1_2930_Asymmetric_2'-OMe/-F,BACE1,NM_012104,ACCACCCUUUAUUCUACAUA,AUUGUCUCUAUCUGAACCACCCUUUAUUCUACAUAUGAUAGGCAGCACUG,42.115815272183504,7.260527453676675,,,Walk
BACE1_2932_Asymmetric_2'-OMe/-F,BACE1,NM_012104,CACCCUUUAUUCUACAUAUG,UGUCUCUAUCUGAACCACCCUUUAUUCUACAUAUGAUAGGCAGCACUGAA,41.33881496188447,9.662567924201053,,,Walk
BACE1_2934_Asymmetric_2'-OMe/-F,BACE1,NM_012104,CCCUUUAUUCUACAUAUGAU,UCUCUAUCUGAACCACCCUUUAUUCUACAUAUGAUAGGCAGCACUGAAAU,33.6010238420859,9.67258978191686,,,Walk
BACE1_2936_Asymmetric_2'-OMe/-F,BACE1,NM_012104,CUUUAUUCUACAUAUGAUAG,UCUAUCUGAACCACCCUUUAUUCUACAUAUGAUAGGCAGCACUGAAAUAU,60.7128450257149,9.229147358001217,,,Walk
BACE1_3107_Asymmetric_2'-OMe/-F,BACE1,NM_012104,AAUAGGUAGGAGACCUCUUC,CAAGGUGCUAAAAGGAAUAGGUAGGAGACCUCUUCUAUCUAAUCCUUAAA,108.60417460212733,4.6147632843688875,62.3348278698786,3.92353264726506,Original
BACE1_3226_Asymmetric_2'-OMe/-F,BACE1,NM_012104,AGAUCUUUACAUAAUUCAGA,CUAUAAGAAGUAGCAAGAUCUUUACAUAAUUCAGAGUGGUUUCAUUGCCU,52.76994003389237,9.278375362367626,11.4877281916471,1.74909186585593,Original
BACE1_3344_Asymmetric_2'-OMe/-F,BACE1,NM_012104,UACAGUGCUUUAUGGCUCUA,CAAGAGUAUGAGAAAUACAGUGCUUUAUGGCUCUAACAUUACUGCCUUCA,43.89503229816677,5.964329429212963,47.0101502485616,5.61698952842463,Original
BACE1_3545_Asymmetric_2'-OMe/-F,BACE1,NM_012104,ACCAAGUUCAUUACCUCCCU,GGCUAGGUAGUGGGGACCAAGUUCAUUACCUCCCUAUCAGUUCUAGCAUA,80.10119151276253,12.63446132815551,66.3894610014768,6.76980057050563,Original
BACE1_3669_Asymmetric_2'-OMe/-F,BACE1,NM_012104,CCAGGUAUGGGACCUGCUAA,GUCAACCCGCUGCUUCCAGGUAUGGGACCUGCUAAGUGUGGAAUUACCUG,61.22975855449233,5.804676611566483,55.1861041429294,8.57409709738201,Original
BACE1_3754_Asymmetric_2'-OMe/-F,BACE1,NM_012104,CAGCUGCCCACAAGCCAUAA,GUUCCUGGCCUCAGCCAGCUGCCCACAAGCCAUAAACCAAUAAAACAAGA,79.7049579734623,19.628628905956347,,,Walk
BACE1_3756_Asymmetric_2'-OMe/-F,BACE1,NM_012104,GCUGCCCACAAGCCAUAAAC,UCCUGGCCUCAGCCAGCUGCCCACAAGCCAUAAACCAAUAAAACAAGAAU,59.72295646053894,17.937360876008437,,,Walk
BACE1_3758_Asymmetric_2'-OMe/-F,BACE1,NM_012104,UGCCCACAAGCCAUAAACCA,CUGGCCUCAGCCAGCUGCCCACAAGCCAUAAACCAAUAAAACAAGAAUAC,35.1418235650715,6.652115172553393,,,Walk
BACE1_3760_Asymmetric_2'-OMe/-F,BACE1,NM_012104,CCCACAAGCCAUAAACCAAU,GGCCUCAGCCAGCUGCCCACAAGCCAUAAACCAAUAAAACAAGAAUACUG,30.62014132667174,7.39035667699121,,,Walk
BACE1_3762_Asymmetric_2'-OMe/-F,BACE1,NM_012104,CACAAGCCAUAAACCAAUAA,CCUCAGCCAGCUGCCCACAAGCCAUAAACCAAUAAAACAAGAAUACUGAG,29.004321943969533,5.6036529123590695,,,Walk
BACE1_3764_Asymmetric_2'-OMe/-F,BACE1,NM_012104,CAAGCCAUAAACCAAUAAAA,UCAGCCAGCUGCCCACAAGCCAUAAACCAAUAAAACAAGAAUACUGAGUC,16.000426423495067,4.063925471074629,,,Walk
BACE1_3766_Asymmetric_2'-OMe/-F,BACE1,NM_012104,AGCCAUAAACCAAUAAAACA,AGCCAGCUGCCCACAAGCCAUAAACCAAUAAAACAAGAAUACUGAGUCAG,21.122064025007433,3.996276203462571,,,Walk
BACE1_3768_Asymmetric_2'-OMe/-F,BACE1,NM_012104,CCAUAAACCAAUAAAACAAG,CCAGCUGCCCACAAGCCAUAAACCAAUAAAACAAGAAUACUGAGUCAGUU,50.427588588735034,11.81370992370121,67.7717270719267,14.6201475876743,Original
BACE1_3772_Asymmetric_2'-OMe/-F,BACE1,NM_012104,AAACCAAUAAAACAAGAAUA,CUGCCCACAAGCCAUAAACCAAUAAAACAAGAAUACUGAGUCAGUUUUUU,28.418988438472166,5.910865938317611,,,Walk
BACE1_3774_Asymmetric_2'-OMe/-F,BACE1,NM_012104,ACCAAUAAAACAAGAAUACU,GCCCACAAGCCAUAAACCAAUAAAACAAGAAUACUGAGUCAGUUUUUUAU,26.70179391252353,6.781793992203662,,,Walk
BACE1_3777_Asymmetric_2'-OMe/-F,BACE1,NM_012104,AAUAAAACAAGAAUACUGAG,CACAAGCCAUAAACCAAUAAAACAAGAAUACUGAGUCAGUUUUUUAUCUG,46.260565781032106,9.069399604507693,27.5543207091649,3.5993755391646,Original
MAPT_175_Asymmetric_2'-OMe/-F,MAPT,NM_001123066,GAAGUGAUGGAAGAUCACGC,CCCCGCCAGGAGUUCGAAGUGAUGGAAGAUCACGCUGGGACGUACGGGUU,81.89981944147956,6.680360799950485,,,Walk
MAPT_177_Asymmetric_2'-OMe/-F,MAPT,NM_001123066,AGUGAUGGAAGAUCACGCUG,CCGCCAGGAGUUCGAAGUGAUGGAAGAUCACGCUGGGACGUACGGGUUGG,66.3009688649674,4.410207350328483,,,Walk
MAPT_179_Asymmetric_2'-OMe/-F,MAPT,NM_001123066,UGAUGGAAGAUCACGCUGGG,GCCAGGAGUUCGAAGUGAUGGAAGAUCACGCUGGGACGUACGGGUUGGGG,37.3469089694895,2.3498334400546708,,,Walk
MAPT_181_Asymmetric_2'-OMe/-F,MAPT,NM_001123066,AUGGAAGAUCACGCUGGGAC,CAGGAGUUCGAAGUGAUGGAAGAUCACGCUGGGACGUACGGGUUGGGGGA,75.06937700073719,5.34936222691863,,,Walk
MAPT_185_Asymmetric_2'-OMe/-F,MAPT,NM_001123066,AAGAUCACGCUGGGACGUAC,AGUUCGAAGUGAUGGAAGAUCACGCUGGGACGUACGGGUUGGGGGACAGG,29.597499151031162,10.746798285438853,38.369305651075,23.9741259167692,Original
MAPT_1312_Asymmetric_2'-OMe/-F,MAPT,NM_001123066,AGCGAUGACAAAAAAGCCAA,AAAGACGGGACUGGAAGCGAUGACAAAAAAGCCAAG????C?????GU??,112.30938761564916,66.4147495799047,39.2665072489338,11.4742360597992,Original
MAPT_1943_Asymmetric_2'-OMe/-F,MAPT,NM_001123066,CUGAGAACCUGAAGCACCAG,CCAAGAUCGGCUCCACUGAGAACCUGAAGCACCAGCCGGGAGGCGGGAAG,68.68977268719573,1.7380790734387463,86.7396206951138,22.503671471874274,Original
MAPT_2075_Asymmetric_2'-OMe/-F,MAPT,NM_001123066,AAAUAGUCUACAAACCAGUU,GAGGCGG?A??GUGCAAAUAGUCUACAAACCAGUUGACCUGAGCAAGGUG,81.75836070770289,17.094875960912976,,,Walk
MAPT_2077_Asymmetric_2'-OMe/-F,MAPT,NM_001123066,AUAGUCUACAAACCAGUUGA,GGCGG?A??GUGCAAAUAGUCUACAAACCAGUUGACCUGAGCAAGGUGAC,31.7693057393271,6.973541977550168,,,Walk
MAPT_2079_Asymmetric_2'-OMe/-F,MAPT,NM_001123066,AGUCUACAAACCAGUUGACC,CGG?A??GUGCAAAUAGUCUACAAACCAGUUGACCUGAGCAAGGUGACCU,35.12515442499343,1.6255009718107711,,,Walk
MAPT_2081_Asymmetric_2'-OMe/-F,MAPT,NM_001123066,UCUACAAACCAGUUGACCUG,G?A??GUGCAAAUAGUCUACAAACCAGUUGACCUGAGCAAGGUGACCUCC,36.95043341724314,2.67626481024977,,,Walk
MAPT_2083_Asymmetric_2'-OMe/-F,MAPT,NM_001123066,UACAAACCAGUUGACCUGAG,A??GUGCAAAUAGUCUACAAACCAGUUGACCUGAGCAAGGUGACCUCCAA,53.49852265290633,7.439487612129241,,,Walk
MAPT_2085_Asymmetric_2'-OMe/-F,MAPT,NM_001123066,CAAACCAGUUGACCUGAGCA,?GUGCAAAUAGUCUACAAACCAGUUGACCUGAGCAAGGUGACCUCCAAGU,18.99951565545523,5.597387227908082,50.2750245450033,14.2083101124842,Original
MAPT_2087_Asymmetric_2'-OMe/-F,MAPT,NM_001123066,AACCAGUUGACCUGAGCAAG,UGCAAAUAGUCUACAAACCAGUUGACCUGAGCAAGGUGACCUCCAAGUGU,60.81096717979577,10.373838354941418,,,Walk
MAPT_2089_Asymmetric_2'-OMe/-F,MAPT,NM_001123066,CCAGUUGACCUGAGCAAGGU,CAAAUAGUCUACAAACCAGUUGACCUGAGCAAGGUGACCUCCAAGUGUGG,50.727933954647504,1.2508118776206498,,,Walk
MAPT_2091_Asymmetric_2'-OMe/-F,MAPT,NM_001123066,AGUUGACCUGAGCAAGGUGA,AAUAGUCUACAAACCAGUUGACCUGAGCAAGGUGACCUCCAAGUGUGGCU,74.3545676825586,6.688065322814312,,,Walk
MAPT_2093_Asymmetric_2'-OMe/-F,MAPT,NM_001123066,UUGACCUGAGCAAGGUGACC,UAGUCUACAAACCAGUUGACCUGAGCAAGGUGACCUCCAAGUGUGGCUCA,17.755919669771064,1.7687407083667797,,,Walk
MAPT_2142_Asymmetric_2'-OMe/-F,MAPT,NM_001123066,UCAUAAACCAGGAGGUGGCC,AUUAGGCAACAUCCAUCAUAAACCAGGAGGUGGCCAGGUGGAAGUAAAAU,48.12722031096653,4.809266221323796,89.9504496911066,9.337875388786752,Original
MAPT_2154_Asymmetric_2'-OMe/-F,MAPT,NM_001123066,AGGUGGCCAGGUGGAAGUAA,CCAUCAUAAACCAGGAGGUGGCCAGGUGGAAGUAAAAUCUGAGAAGCUUG,110.72181949756201,0.9357204737427972,,,Walk
MAPT_2155_Asymmetric_2'-OMe/-F,MAPT,NM_001123066,GGUGGCCAGGUGGAAGUAAA,CAUCAUAAACCAGGAGGUGGCCAGGUGGAAGUAAAAUCUGAGAAGCUUGA,18.432027336075866,1.7608969001750008,,,Walk
MAPT_2156_Asymmetric_2'-OMe/-F,MAPT,NM_001123066,GUGGCCAGGUGGAAGUAAAA,AUCAUAAACCAGGAGGUGGCCAGGUGGAAGUAAAAUCUGAGAAGCUUGAC,13.056184439408668,2.0041246211412114,,,Walk
MAPT_2157_Asymmetric_2'-OMe/-F,MAPT,NM_001123066,UGGCCAGGUGGAAGUAAAAU,UCAUAAACCAGGAGGUGGCCAGGUGGAAGUAAAAUCUGAGAAGCUUGACU,59.18272332913574,20.55020800969859,,,Walk
MAPT_2158_Asymmetric_2'-OMe/-F,MAPT,NM_001123066,GGCCAGGUGGAAGUAAAAUC,CAUAAACCAGGAGGUGGCCAGGUGGAAGUAAAAUCUGAGAAGCUUGACUU,22.4701662670315,1.3585214263525291,,,Walk
MAPT_2159_Asymmetric_2'-OMe/-F,MAPT,NM_001123066,GCCAGGUGGAAGUAAAAUCU,AUAAACCAGGAGGUGGCCAGGUGGAAGUAAAAUCUGAGAAGCUUGACUUC,31.332800813640898,9.926637766865024,,,Walk
MAPT_2160_Asymmetric_2'-OMe/-F,MAPT,NM_001123066,CCAGGUGGAAGUAAAAUCUG,UAAACCAGGAGGUGGCCAGGUGGAAGUAAAAUCUGAGAAGCUUGACUUCA,60.343874148234,9.990819075342017,,,Walk
MAPT_2161_Asymmetric_2'-OMe/-F,MAPT,NM_001123066,CAGGUGGAAGUAAAAUCUGA,AAACCAGGAGGUGGCCAGGUGGAAGUAAAAUCUGAGAAGCUUGACUUCAA,19.641712556147365,1.897649492307622,,,Walk
MAPT_2162_Asymmetric_2'-OMe/-F,MAPT,NM_001123066,AGGUGGAAGUAAAAUCUGAG,AACCAGGAGGUGGCCAGGUGGAAGUAAAAUCUGAGAAGCUUGACUUCAAG,8.120991895041987,1.0185994021279758,,,Walk
MAPT_2163_Asymmetric_2'-OMe/-F,MAPT,NM_001123066,GGUGGAAGUAAAAUCUGAGA,ACCAGGAGGUGGCCAGGUGGAAGUAAAAUCUGAGAAGCUUGACUUCAAGG,16.226990731177867,2.1371315151229857,,,Walk
MAPT_2164_Asymmetric_2'-OMe/-F,MAPT,NM_001123066,GUGGAAGUAAAAUCUGAGAA,CCAGGAGGUGGCCAGGUGGAAGUAAAAUCUGAGAAGCUUGACUUCAAGGA,43.16900954635927,5.892071383829883,,,Walk
MAPT_2165_Asymmetric_2'-OMe/-F,MAPT,NM_001123066,UGGAAGUAAAAUCUGAGAAG,CAGGAGGUGGCCAGGUGGAAGUAAAAUCUGAGAAGCUUGACUUCAAGGAC,40.9224176190028,7.804933125993415,,,Walk
MAPT_2166_Asymmetric_2'-OMe/-F,MAPT,NM_001123066,GGAAGUAAAAUCUGAGAAGC,AGGAGGUGGCCAGGUGGAAGUAAAAUCUGAGAAGCUUGACUUCAAGGACA,18.909882232287067,2.2417261968095303,,,Walk
MAPT_2167_Asymmetric_2'-OMe/-F,MAPT,NM_001123066,GAAGUAAAAUCUGAGAAGCU,GGAGGUGGCCAGGUGGAAGUAAAAUCUGAGAAGCUUGACUUCAAGGACAG,31.51952715878113,4.818790999183188,,,Walk
MAPT_2168_Asymmetric_2'-OMe/-F,MAPT,NM_001123066,AAGUAAAAUCUGAGAAGCUU,GAGGUGGCCAGGUGGAAGUAAAAUCUGAGAAGCUUGACUUCAAGGACAGA,27.469429532904666,8.05156091063877,,,Walk
MAPT_2169_Asymmetric_2'-OMe/-F,MAPT,NM_001123066,AGUAAAAUCUGAGAAGCUUG,AGGUGGCCAGGUGGAAGUAAAAUCUGAGAAGCUUGACUUCAAGGACAGAG,20.5163259073737,1.9663138117939327,,,Walk
MAPT_2171_Asymmetric_2'-OMe/-F,MAPT,NM_001123066,UAAAAUCUGAGAAGCUUGAC,GUGGCCAGGUGGAAGUAAAAUCUGAGAAGCUUGACUUCAAGGACAGAGUC,55.65340689261447,6.146111940951496,,,Walk
MAPT_2173_Asymmetric_2'-OMe/-F,MAPT,NM_001123066,AAAUCUGAGAAGCUUGACUU,GGCCAGGUGGAAGUAAAAUCUGAGAAGCUUGACUUCAAGGACAGAGUCCA,23.895097928085033,4.495532732524149,,,Walk
MAPT_2196_Asymmetric_2'-OMe/-F,MAPT,NM_001123066,GGACAGAGUCCAGUCGAAGA,GAAGCUUGACUUCAAGGACAGAGUCCAGUCGAAGAUUGGGUCCCUGGACA,18.979330545361503,1.7519915046521144,,,Walk
MAPT_2198_Asymmetric_2'-OMe/-F,MAPT,NM_001123066,ACAGAGUCCAGUCGAAGAUU,AGCUUGACUUCAAGGACAGAGUCCAGUCGAAGAUUGGGUCCCUGGACAAU,82.47999627908894,13.80651124727037,,,Walk
MAPT_2200_Asymmetric_2'-OMe/-F,MAPT,NM_001123066,AGAGUCCAGUCGAAGAUUGG,CUUGACUUCAAGGACAGAGUCCAGUCGAAGAUUGGGUCCCUGGACAAUAU,38.72925002422753,5.531905379214917,,,Walk
MAPT_2202_Asymmetric_2'-OMe/-F,MAPT,NM_001123066,AGUCCAGUCGAAGAUUGGGU,UGACUUCAAGGACAGAGUCCAGUCGAAGAUUGGGUCCCUGGACAAUAUCA,100.8920068686581,18.23248135498164,,,Walk
MAPT_2204_Asymmetric_2'-OMe/-F,MAPT,NM_001123066,UCCAGUCGAAGAUUGGGUCC,ACUUCAAGGACAGAGUCCAGUCGAAGAUUGGGUCCCUGGACAAUAUCACC,69.7591359114246,19.035767243895336,,,Walk
MAPT_2206_Asymmetric_2'-OMe/-F,MAPT,NM_001123066,CAGUCGAAGAUUGGGUCCCU,UUCAAGGACAGAGUCCAGUCGAAGAUUGGGUCCCUGGACAAUAUCACCCA,28.764673651643268,5.826263962548667,118.6337904412149,40.017445242671016,Original
MAPT_2212_Asymmetric_2'-OMe/-F,MAPT,NM_001123066,AAGAUUGGGUCCCUGGACAA,GACAGAGUCCAGUCGAAGAUUGGGUCCCUGGACAAUAUCACCCACGUCCC,42.37715973458584,1.49109387937183,,,Walk
MAPT_2214_Asymmetric_2'-OMe/-F,MAPT,NM_001123066,GAUUGGGUCCCUGGACAAUA,CAGAGUCCAGUCGAAGAUUGGGUCCCUGGACAAUAUCACCCACGUCCCUG,60.98932874420749,6.1666792400506925,,,Walk
MAPT_2216_Asymmetric_2'-OMe/-F,MAPT,NM_001123066,UUGGGUCCCUGGACAAUAUC,GAGUCCAGUCGAAGAUUGGGUCCCUGGACAAUAUCACCCACGUCCCUGGC,66.0635536112634,3.8048474184985945,,,Walk
MAPT_2243_Asymmetric_2'-OMe/-F,MAPT,NM_001123066,UCCCUGGCGGAGGAAAUAAA,ACAAUAUCACCCACGUCCCUGGCGGAGGAAAUAAAAAGAUUGAAACCCAC,81.67381963368733,4.942563110469567,,,Walk
MAPT_2245_Asymmetric_2'-OMe/-F,MAPT,NM_001123066,CCUGGCGGAGGAAAUAAAAA,AAUAUCACCCACGUCCCUGGCGGAGGAAAUAAAAAGAUUGAAACCCACAA,31.030997967207398,3.70464888782272,43.9666694653447,21.3946523589957,Original
MAPT_2247_Asymmetric_2'-OMe/-F,MAPT,NM_001123066,UGGCGGAGGAAAUAAAAAGA,UAUCACCCACGUCCCUGGCGGAGGAAAUAAAAAGAUUGAAACCCACAAGC,15.886750317373568,4.269495973524314,,,Walk
MAPT_2249_Asymmetric_2'-OMe/-F,MAPT,NM_001123066,GCGGAGGAAAUAAAAAGAUU,UCACCCACGUCCCUGGCGGAGGAAAUAAAAAGAUUGAAACCCACAAGCUG,25.190299731867267,1.5599189131139601,,,Walk
MAPT_2251_Asymmetric_2'-OMe/-F,MAPT,NM_001123066,GGAGGAAAUAAAAAGAUUGA,ACCCACGUCCCUGGCGGAGGAAAUAAAAAGAUUGAAACCCACAAGCUGAC,12.0273392425271,0.6802168978244867,,,Walk
MAPT_2253_Asymmetric_2'-OMe/-F,MAPT,NM_001123066,AGGAAAUAAAAAGAUUGAAA,CCACGUCCCUGGCGGAGGAAAUAAAAAGAUUGAAACCCACAAGCUGACCU,21.77397959902437,0.23664052991018827,,,Walk
MAPT_2255_Asymmetric_2'-OMe/-F,MAPT,NM_001123066,GAAAUAAAAAGAUUGAAACC,ACGUCCCUGGCGGAGGAAAUAAAAAGAUUGAAACCCACAAGCUGACCUUC,51.28007615574747,6.191509449129964,,,Walk
MAPT_2256_Asymmetric_2'-OMe/-F,MAPT,NM_001123066,AAAUAAAAAGAUUGAAACCC,CGUCCCUGGCGGAGGAAAUAAAAAGAUUGAAACCCACAAGCUGACCUUCC,61.925168669537804,25.606343757635486,112.254566215314,10.464697394494447,Original
MAPT_2271_Asymmetric_2'-OMe/-F,MAPT,NM_001123066,AACCCACAAGCUGACCUUCC,AAAUAAAAAGAUUGAAACCCACAAGCUGACCUUCCGCGAGAACGCCAAAG,68.0843171045463,15.232619262333483,75.3825542886816,16.2147037048961,Original
MAPT_2493_Asymmetric_2'-OMe/-F,MAPT,NM_001123066,GGGCGGUCAAUAAUUGUGGA,GUGAUCAGGCCCCUGGGGCGGUCAAUAAUUGUGGAGAGGAGAGAAUGAGA,10.6881958688979,0.3350249182819033,,,3' UTR
MAPT_2494_Asymmetric_2'-OMe/-F,MAPT,NM_001123066,GGCGGUCAAUAAUUGUGGAG,UGAUCAGGCCCCUGGGGCGGUCAAUAAUUGUGGAGAGGAGAGAAUGAGAG,39.375136836624336,4.4988186891090995,88.421553988033,7.14039217231273,Original
MAPT_2496_Asymmetric_2'-OMe/-F,MAPT,NM_001123066,CGGUCAAUAAUUGUGGAGAG,AUCAGGCCCCUGGGGCGGUCAAUAAUUGUGGAGAGGAGAGAAUGAGAGAG,27.1318596230422,9.053434929692811,,,Walk
MAPT_2497_Asymmetric_2'-OMe/-F,MAPT,NM_001123066,GGUCAAUAAUUGUGGAGAGG,UCAGGCCCCUGGGGCGGUCAAUAAUUGUGGAGAGGAGAGAAUGAGAGAGU,20.377358750899635,0.45482118449215186,,,3' UTR
MAPT_2498_Asymmetric_2'-OMe/-F,MAPT,NM_001123066,GUCAAUAAUUGUGGAGAGGA,CAGGCCCCUGGGGCGGUCAAUAAUUGUGGAGAGGAGAGAAUGAGAGAGUG,42.38508519974696,3.1608582881775256,,,Walk
MAPT_2500_Asymmetric_2'-OMe/-F,MAPT,NM_001123066,CAAUAAUUGUGGAGAGGAGA,GGCCCCUGGGGCGGUCAAUAAUUGUGGAGAGGAGAGAAUGAGAGAGUGUG,16.2211718825321,3.033740535800239,,,Walk
MAPT_2501_Asymmetric_2'-OMe/-F,MAPT,NM_001123066,AAUAAUUGUGGAGAGGAGAG,GCCCCUGGGGCGGUCAAUAAUUGUGGAGAGGAGAGAAUGAGAGAGUGUGG,16.944578099864632,2.6597889811217326,,,3' UTR
MAPT_2502_Asymmetric_2'-OMe/-F,MAPT,NM_001123066,AUAAUUGUGGAGAGGAGAGA,CCCCUGGGGCGGUCAAUAAUUGUGGAGAGGAGAGAAUGAGAGAGUGUGGA,10.804478757785134,0.20487454024094426,,,Walk
MAPT_2504_Asymmetric_2'-OMe/-F,MAPT,NM_001123066,AAUUGUGGAGAGGAGAGAAU,CCUGGGGCGGUCAAUAAUUGUGGAGAGGAGAGAAUGAGAGAGUGUGGAAA,16.98331522729377,3.594206356614176,,,Walk
MAPT_2506_Asymmetric_2'-OMe/-F,MAPT,NM_001123066,UUGUGGAGAGGAGAGAAUGA,UGGGGCGGUCAAUAAUUGUGGAGAGGAGAGAAUGAGAGAGUGUGGAAAAA,17.682148764831666,1.1250566624088765,,,3' UTR
MAPT_2513_Asymmetric_2'-OMe/-F,MAPT,NM_001123066,GAGGAGAGAAUGAGAGAGUG,GUCAAUAAUUGUGGAGAGGAGAGAAUGAGAGAGUGUGGAAAAAAAAAGAA,24.607022418458957,29.645053094681543,,,3' UTR
MAPT_2515_Asymmetric_2'-OMe/-F,MAPT,NM_001123066,GGAGAGAAUGAGAGAGUGUG,CAAUAAUUGUGGAGAGGAGAGAAUGAGAGAGUGUGGAAAAAAAAAGAAUA,14.156245378336434,0.4991027891938238,,,3' UTR
MAPT_2517_Asymmetric_2'-OMe/-F,MAPT,NM_001123066,AGAGAAUGAGAGAGUGUGGA,AUAAUUGUGGAGAGGAGAGAAUGAGAGAGUGUGGAAAAAAAAAGAAUAAU,7.7321574529283765,1.1613335205636894,,,3' UTR
MAPT_2520_Asymmetric_2'-OMe/-F,MAPT,NM_001123066,GAAUGAGAGAGUGUGGAAAA,AUUGUGGAGAGGAGAGAAUGAGAGAGUGUGGAAAAAAAAAGAAUAAUGAC,13.3419612567937,1.4389778496725223,,,3' UTR
MAPT_2522_Asymmetric_2'-OMe/-F,MAPT,NM_001123066,AUGAGAGAGUGUGGAAAAAA,UGUGGAGAGGAGAGAAUGAGAGAGUGUGGAAAAAAAAAGAAUAAUGACCC,13.119265303551968,0.21282273093542772,,,3' UTR
MAPT_2524_Asymmetric_2'-OMe/-F,MAPT,NM_001123066,GAGAGAGUGUGGAAAAAAAA,UGGAGAGGAGAGAAUGAGAGAGUGUGGAAAAAAAAAGAAUAAUGACCCGG,15.086623564903034,1.2162015715228074,,,3' UTR
MAPT_2535_Asymmetric_2'-OMe/-F,MAPT,NM_001123066,GAAAAAAAAAGAAUAAUGAC,GAAUGAGAGAGUGUGGAAAAAAAAAGAAUAAUGACCCGGCCCCCGCCCUC,30.222082220812965,5.190288061905988,,,3' UTR
MAPT_2537_Asymmetric_2'-OMe/-F,MAPT,NM_001123066,AAAAAAAAGAAUAAUGACCC,AUGAGAGAGUGUGGAAAAAAAAAGAAUAAUGACCCGGCCCCCGCCCUCUG,29.92771216087877,0.9128797320551729,,,3' UTR
MAPT_2539_Asymmetric_2'-OMe/-F,MAPT,NM_001123066,AAAAAAGAAUAAUGACCCGG,GAGAGAGUGUGGAAAAAAAAAGAAUAAUGACCCGGCCCCCGCCCUCUGCC,32.309767608924396,4.328809117893438,,,3' UTR
MAPT_2541_Asymmetric_2'-OMe/-F,MAPT,NM_001123066,AAAAGAAUAAUGACCCGGCC,GAGAGUGUGGAAAAAAAAAGAAUAAUGACCCGGCCCCCGCCCUCUGCCCC,14.834314639623267,1.2758317366225191,,,3' UTR
MAPT_2580_Asymmetric_2'-OMe/-F,MAPT,NM_001123066,UGCUCCUCGCAGUUCGGUUA,CCCUCUGCCCCCAGCUGCUCCUCGCAGUUCGGUUAAUUGGUUAAUCACUU,18.690248075388435,4.818370804485578,,,3' UTR
MAPT_2582_Asymmetric_2'-OMe/-F,MAPT,NM_001123066,CUCCUCGCAGUUCGGUUAAU,CUCUGCCCCCAGCUGCUCCUCGCAGUUCGGUUAAUUGGUUAAUCACUUAA,50.46709898226857,18.770937738570534,,,3' UTR
MAPT_2584_Asymmetric_2'-OMe/-F,MAPT,NM_001123066,CCUCGCAGUUCGGUUAAUUG,CUGCCCCCAGCUGCUCCUCGCAGUUCGGUUAAUUGGUUAAUCACUUAACC,10.361468250280057,1.6693399933135038,,,3' UTR
MAPT_2586_Asymmetric_2'-OMe/-F,MAPT,NM_001123066,UCGCAGUUCGGUUAAUUGGU,GCCCCCAGCUGCUCCUCGCAGUUCGGUUAAUUGGUUAAUCACUUAACCUG,72.44320975929416,11.450941161105117,53.2765926759175,14.7713975759674,Original
MAPT_2587_Asymmetric_2'-OMe/-F,MAPT,NM_001123066,CGCAGUUCGGUUAAUUGGUU,CCCCCAGCUGCUCCUCGCAGUUCGGUUAAUUGGUUAAUCACUUAACCUGC,22.806105361087333,3.4989302776607474,,,3' UTR
MAPT_2589_Asymmetric_2'-OMe/-F,MAPT,NM_001123066,CAGUUCGGUUAAUUGGUUAA,CCCAGCUGCUCCUCGCAGUUCGGUUAAUUGGUUAAUCACUUAACCUGCUU,31.467923041044,1.0188225347846103,,,3' UTR
MAPT_2591_Asymmetric_2'-OMe/-F,MAPT,NM_001123066,GUUCGGUUAAUUGGUUAAUC,CAGCUGCUCCUCGCAGUUCGGUUAAUUGGUUAAUCACUUAACCUGCUUUU,24.796107952535504,2.230070162432348,,,3' UTR
MAPT_2593_Asymmetric_2'-OMe/-F,MAPT,NM_001123066,UCGGUUAAUUGGUUAAUCAC,GCUGCUCCUCGCAGUUCGGUUAAUUGGUUAAUCACUUAACCUGCUUUUGU,30.694579310957135,6.777922750283161,,,3' UTR
MAPT_2595_Asymmetric_2'-OMe/-F,MAPT,NM_001123066,GGUUAAUUGGUUAAUCACUU,UGCUCCUCGCAGUUCGGUUAAUUGGUUAAUCACUUAACCUGCUUUUGUCA,20.720311724134834,4.062718122368139,,,3' UTR
MAPT_2597_Asymmetric_2'-OMe/-F,MAPT,NM_001123066,UUAAUUGGUUAAUCACUUAA,CUCCUCGCAGUUCGGUUAAUUGGUUAAUCACUUAACCUGCUUUUGUCACU,15.657640541033032,3.9542240652275202,,,3' UTR
MAPT_2599_Asymmetric_2'-OMe/-F,MAPT,NM_001123066,AAUUGGUUAAUCACUUAACC,CCUCGCAGUUCGGUUAAUUGGUUAAUCACUUAACCUGCUUUUGUCACUCG,25.460604735253934,5.390950059814968,,,3' UTR
MAPT_2601_Asymmetric_2'-OMe/-F,MAPT,NM_001123066,UUGGUUAAUCACUUAACCUG,UCGCAGUUCGGUUAAUUGGUUAAUCACUUAACCUGCUUUUGUCACUCGGC,55.99053000916143,6.066711736391475,,,3' UTR
MAPT_2603_Asymmetric_2'-OMe/-F,MAPT,NM_001123066,GGUUAAUCACUUAACCUGCU,GCAGUUCGGUUAAUUGGUUAAUCACUUAACCUGCUUUUGUCACUCGGCUU,60.46677865655463,2.4012318026891037,,,3' UTR
MAPT_2606_Asymmetric_2'-OMe/-F,MAPT,NM_001123066,UAAUCACUUAACCUGCUUUU,GUUCGGUUAAUUGGUUAAUCACUUAACCUGCUUUUGUCACUCGGCUUUGG,22.089426552053368,4.612705384079233,,,3' UTR
MAPT_2608_Asymmetric_2'-OMe/-F,MAPT,NM_001123066,AUCACUUAACCUGCUUUUGU,UCGGUUAAUUGGUUAAUCACUUAACCUGCUUUUGUCACUCGGCUUUGGCU,40.971772501752405,5.659474569099325,,,3' UTR
MAPT_2610_Asymmetric_2'-OMe/-F,MAPT,NM_001123066,CACUUAACCUGCUUUUGUCA,GGUUAAUUGGUUAAUCACUUAACCUGCUUUUGUCACUCGGCUUUGGCUCG,22.5896524622593,7.002298996328401,,,3' UTR
MAPT_2615_Asymmetric_2'-OMe/-F,MAPT,NM_001123066,AACCUGCUUUUGUCACUCGG,AUUGGUUAAUCACUUAACCUGCUUUUGUCACUCGGCUUUGGCUCGGGACU,41.07013521846633,5.849262104179368,,,3' UTR
MAPT_2617_Asymmetric_2'-OMe/-F,MAPT,NM_001123066,CCUGCUUUUGUCACUCGGCU,UGGUUAAUCACUUAACCUGCUUUUGUCACUCGGCUUUGGCUCGGGACUUC,18.176082136253736,16.1284628835962,,,3' UTR
MAPT_2619_Asymmetric_2'-OMe/-F,MAPT,NM_001123066,UGCUUUUGUCACUCGGCUUU,GUUAAUCACUUAACCUGCUUUUGUCACUCGGCUUUGGCUCGGGACUUCAA,37.80571930374297,5.748803718312406,,,3' UTR
MAPT_2621_Asymmetric_2'-OMe/-F,MAPT,NM_001123066,CUUUUGUCACUCGGCUUUGG,UAAUCACUUAACCUGCUUUUGUCACUCGGCUUUGGCUCGGGACUUCAAAA,129.97511791521399,22.518253842272546,,,3' UTR
MAPT_2623_Asymmetric_2'-OMe/-F,MAPT,NM_001123066,UUUGUCACUCGGCUUUGGCU,AUCACUUAACCUGCUUUUGUCACUCGGCUUUGGCUCGGGACUUCAAAAUC,85.59865715608903,8.46157471423539,,,3' UTR
MAPT_2634_Asymmetric_2'-OMe/-F,MAPT,NM_001123066,GCUUUGGCUCGGGACUUCAA,UGCUUUUGUCACUCGGCUUUGGCUCGGGACUUCAAAAUCAGUGAUGGGAG,106.11048294087654,34.59276870020839,,,3' UTR
MAPT_2636_Asymmetric_2'-OMe/-F,MAPT,NM_001123066,UUUGGCUCGGGACUUCAAAA,CUUUUGUCACUCGGCUUUGGCUCGGGACUUCAAAAUCAGUGAUGGGAGUA,77.73778949023617,4.962823786042681,,,3' UTR
MAPT_2638_Asymmetric_2'-OMe/-F,MAPT,NM_001123066,UGGCUCGGGACUUCAAAAUC,UUUGUCACUCGGCUUUGGCUCGGGACUUCAAAAUCAGUGAUGGGAGUAAG,31.844386767761137,4.062401882954403,,,3' UTR
MAPT_2640_Asymmetric_2'-OMe/-F,MAPT,NM_001123066,GCUCGGGACUUCAAAAUCAG,UGUCACUCGGCUUUGGCUCGGGACUUCAAAAUCAGUGAUGGGAGUAAGAG,53.39955757901097,6.48783929591653,,,3' UTR
MAPT_2642_Asymmetric_2'-OMe/-F,MAPT,NM_001123066,UCGGGACUUCAAAAUCAGUG,UCACUCGGCUUUGGCUCGGGACUUCAAAAUCAGUGAUGGGAGUAAGAGCA,36.15952671229693,4.59318500193856,,,3' UTR
MAPT_2646_Asymmetric_2'-OMe/-F,MAPT,NM_001123066,GACUUCAAAAUCAGUGAUGG,UCGGCUUUGGCUCGGGACUUCAAAAUCAGUGAUGGGAGUAAGAGCAAAUU,56.89612177443497,14.458653303046914,,,3' UTR
MAPT_2647_Asymmetric_2'-OMe/-F,MAPT,NM_001123066,ACUUCAAAAUCAGUGAUGGG,CGGCUUUGGCUCGGGACUUCAAAAUCAGUGAUGGGAGUAAGAGCAAAUUU,56.33916442869287,2.5135176354841806,52.5798884390238,31.6451129179332,Original
MAPT_2650_Asymmetric_2'-OMe/-F,MAPT,NM_001123066,UCAAAAUCAGUGAUGGGAGU,CUUUGGCUCGGGACUUCAAAAUCAGUGAUGGGAGUAAGAGCAAAUUUCAU,32.063838864989634,1.012588796312205,,,3' UTR
MAPT_2652_Asymmetric_2'-OMe/-F,MAPT,NM_001123066,AAAAUCAGUGAUGGGAGUAA,UUGGCUCGGGACUUCAAAAUCAGUGAUGGGAGUAAGAGCAAAUUUCAUCU,38.17363984232707,2.732130719425895,,,3' UTR
MAPT_2654_Asymmetric_2'-OMe/-F,MAPT,NM_001123066,AAUCAGUGAUGGGAGUAAGA,GGCUCGGGACUUCAAAAUCAGUGAUGGGAGUAAGAGCAAAUUUCAUCUUU,23.598933549824665,5.228354361301905,,,3' UTR
MAPT_2656_Asymmetric_2'-OMe/-F,MAPT,NM_001123066,UCAGUGAUGGGAGUAAGAGC,CUCGGGACUUCAAAAUCAGUGAUGGGAGUAAGAGCAAAUUUCAUCUUUCC,21.3925166725174,6.150057500166674,,,3' UTR
MAPT_2658_Asymmetric_2'-OMe/-F,MAPT,NM_001123066,AGUGAUGGGAGUAAGAGCAA,CGGGACUUCAAAAUCAGUGAUGGGAGUAAGAGCAAAUUUCAUCUUUCCAA,25.666804487301064,1.5378438535092513,,,3' UTR
MAPT_2660_Asymmetric_2'-OMe/-F,MAPT,NM_001123066,UGAUGGGAGUAAGAGCAAAU,GGACUUCAAAAUCAGUGAUGGGAGUAAGAGCAAAUUUCAUCUUUCCAAAU,46.417554752737466,15.318893978235536,,,3' UTR
MAPT_2662_Asymmetric_2'-OMe/-F,MAPT,NM_001123066,AUGGGAGUAAGAGCAAAUUU,ACUUCAAAAUCAGUGAUGGGAGUAAGAGCAAAUUUCAUCUUUCCAAAUUG,39.966679461779066,10.329779236504832,,,3' UTR
MAPT_2664_Asymmetric_2'-OMe/-F,MAPT,NM_001123066,GGGAGUAAGAGCAAAUUUCA,UUCAAAAUCAGUGAUGGGAGUAAGAGCAAAUUUCAUCUUUCCAAAUUGAU,15.940413189289734,0.185768642029101,,,3' UTR
MAPT_2666_Asymmetric_2'-OMe/-F,MAPT,NM_001123066,GAGUAAGAGCAAAUUUCAUC,CAAAAUCAGUGAUGGGAGUAAGAGCAAAUUUCAUCUUUCCAAAUUGAUGG,25.415573884735398,2.1793800715633767,,,3' UTR
MAPT_2668_Asymmetric_2'-OMe/-F,MAPT,NM_001123066,GUAAGAGCAAAUUUCAUCUU,AAAUCAGUGAUGGGAGUAAGAGCAAAUUUCAUCUUUCCAAAUUGAUGGGU,33.6092427245077,4.422715299227272,,,3' UTR
MAPT_2670_Asymmetric_2'-OMe/-F,MAPT,NM_001123066,AAGAGCAAAUUUCAUCUUUC,AUCAGUGAUGGGAGUAAGAGCAAAUUUCAUCUUUCCAAAUUGAUGGGUGG,13.379640127334966,2.4649555381886725,,,3' UTR
MAPT_2672_Asymmetric_2'-OMe/-F,MAPT,NM_001123066,GAGCAAAUUUCAUCUUUCCA,CAGUGAUGGGAGUAAGAGCAAAUUUCAUCUUUCCAAAUUGAUGGGUGGGC,17.127296082316068,0.6680108908656481,,,3' UTR
MAPT_2674_Asymmetric_2'-OMe/-F,MAPT,NM_001123066,GCAAAUUUCAUCUUUCCAAA,GUGAUGGGAGUAAGAGCAAAUUUCAUCUUUCCAAAUUGAUGGGUGGGCUA,19.7018467066594,5.815156710430804,,,3' UTR
MAPT_2676_Asymmetric_2'-OMe/-F,MAPT,NM_001123066,AAAUUUCAUCUUUCCAAAUU,GAUGGGAGUAAGAGCAAAUUUCAUCUUUCCAAAUUGAUGGGUGGGCUAGU,84.20826212073631,4.180773362473848,,,3' UTR
MAPT_2678_Asymmetric_2'-OMe/-F,MAPT,NM_001123066,AUUUCAUCUUUCCAAAUUGA,UGGGAGUAAGAGCAAAUUUCAUCUUUCCAAAUUGAUGGGUGGGCUAGUAA,37.914574356761534,3.436854969364793,,,3' UTR
MAPT_2683_Asymmetric_2'-OMe/-F,MAPT,NM_001123066,AUCUUUCCAAAUUGAUGGGU,GUAAGAGCAAAUUUCAUCUUUCCAAAUUGAUGGGUGGGCUAGUAAUAAAA,84.3129005980556,13.794827314795153,,,3' UTR
MAPT_2685_Asymmetric_2'-OMe/-F,MAPT,NM_001123066,CUUUCCAAAUUGAUGGGUGG,AAGAGCAAAUUUCAUCUUUCCAAAUUGAUGGGUGGGCUAGUAAUAAAAUA,57.20007575937234,5.95754585994628,,,3' UTR
MAPT_2687_Asymmetric_2'-OMe/-F,MAPT,NM_001123066,UUCCAAAUUGAUGGGUGGGC,GAGCAAAUUUCAUCUUUCCAAAUUGAUGGGUGGGCUAGUAAUAAAAUAUU,85.40087270321435,12.980112943142533,,,3' UTR
MAPT_2689_Asymmetric_2'-OMe/-F,MAPT,NM_001123066,CCAAAUUGAUGGGUGGGCUA,GCAAAUUUCAUCUUUCCAAAUUGAUGGGUGGGCUAGUAAUAAAAUAUUUA,51.187528685537636,0.6318395538313242,,,3' UTR
MAPT_2699_Asymmetric_2'-OMe/-F,MAPT,NM_001123066,GGGUGGGCUAGUAAUAAAAU,UCUUUCCAAAUUGAUGGGUGGGCUAGUAAUAAAAUAUUUAAAAAAAAACA,80.78286006342647,12.823156376218144,52.0340208923931,9.45496978831932,Original
MAPT_2701_Asymmetric_2'-OMe/-F,MAPT,NM_001123066,GUGGGCUAGUAAUAAAAUAU,UUUCCAAAUUGAUGGGUGGGCUAGUAAUAAAAUAUUUAAAAAAAAACAUU,50.29366104638441,5.0420407241850125,38.1986895645729,8.68233726078113,Original
MAPT_2929_Asymmetric_2'-OMe/-F,MAPT,NM_001123066,GAAACUUGGUGUGUUCGUGG,AGCAACAAAGGAUUUGAAACUUGGUGUGUUCGUGGAGCCACAGGCAGACG,60.07676082715894,8.895878357409273,22.7445519846655,8.33131932945805,Original
MAPT_3239_Asymmetric_2'-OMe/-F,MAPT,NM_001123066,AGGGACAGCGGGUAAAAAGA,GCAGCCUGUGGGAGAAGGGACAGCGGGUAAAAAGAGAAGGCAAGCUGGCA,74.79035858144874,7.207509956228163,47.5955722743145,12.4387260354001,Original
MAPT_3435_Asymmetric_2'-OMe/-F,MAPT,NM_001123066,UGCUGCCAUGAUUUUGGCCA,UCUGAAGGUUGGAACUGCUGCCAUGAUUUUGGCCACUUUGCAGACCUGGG,81.54378371421284,6.139026561909866,22.8507972527475,4.02126950586835,Original
MAPT_3494_Asymmetric_2'-OMe/-F,MAPT,NM_001123066,UGUAAGGACUUGUGCCUCUU,CUAACCAGUUCUCUUUGUAAGGACUUGUGCCUCUUGGGAGACGUCCACCC,58.07351096941161,4.753867287155297,50.2127304905962,0.92304669176024,Original
MAPT_3795_Asymmetric_2'-OMe/-F,MAPT,NM_001123066,CAAAGUCCAGGCACAAGAGU,GAAAUUAAGGGAAGGCAAAGUCCAGGCACAAGAGUGGGACCCCAGCCUCU,73.00833052619683,3.551592388821451,77.3780051108657,5.99965494464661,Original
MAPT_3883_Asymmetric_2'-OMe/-F,MAPT,NM_001123066,GAUUCGGUUCCCUGUCUCCU,CGAAUCUCAUGAUCUGAUUCGGUUCCCUGUCUCCUCCUCCCGUCACAGAU,60.561512894213564,3.388427199719017,52.6005487979644,14.232143890348,Original
MAPT_4275_Asymmetric_2'-OMe/-F,MAPT,NM_001123066,CUGCUGGAGCAGCUGAACAU,GCCAUGCUGUCUGUUCUGCUGGAGCAGCUGAACAUAUACAUAGAUGUUGC,56.72537054275147,5.472960318481827,46.9565987844951,6.75151846027908,Original
MAPT_4336_Asymmetric_2'-OMe/-F,MAPT,NM_001123066,GAGUUGUAGUUGGAUUUGUC,CAUCUGCACCCUGUUGAGUUGUAGUUGGAUUUGUCUGUUUAUGCUUGGAU,41.19911811180577,7.201222324141906,,,Walk
MAPT_4338_Asymmetric_2'-OMe/-F,MAPT,NM_001123066,GUUGUAGUUGGAUUUGUCUG,UCUGCACCCUGUUGAGUUGUAGUUGGAUUUGUCUGUUUAUGCUUGGAUUC,33.38259462842913,10.138318736763098,,,Walk
MAPT_4340_Asymmetric_2'-OMe/-F,MAPT,NM_001123066,UGUAGUUGGAUUUGUCUGUU,UGCACCCUGUUGAGUUGUAGUUGGAUUUGUCUGUUUAUGCUUGGAUUCAC,36.42731409663653,5.67033373502144,,,Walk
MAPT_4342_Asymmetric_2'-OMe/-F,MAPT,NM_001123066,UAGUUGGAUUUGUCUGUUUA,CACCCUGUUGAGUUGUAGUUGGAUUUGUCUGUUUAUGCUUGGAUUCACCA,47.08275420188276,0.6575943683266416,,,Walk
MAPT_4344_Asymmetric_2'-OMe/-F,MAPT,NM_001123066,GUUGGAUUUGUCUGUUUAUG,CCCUGUUGAGUUGUAGUUGGAUUUGUCUGUUUAUGCUUGGAUUCACCAGA,36.371284207241,2.2247516288040643,,,Walk
MAPT_4346_Asymmetric_2'-OMe/-F,MAPT,NM_001123066,UGGAUUUGUCUGUUUAUGCU,CUGUUGAGUUGUAGUUGGAUUUGUCUGUUUAUGCUUGGAUUCACCAGAGU,54.06732364686116,8.096811212875474,6.93498604757978,2.00886876128306,Original
MAPT_4348_Asymmetric_2'-OMe/-F,MAPT,NM_001123066,GAUUUGUCUGUUUAUGCUUG,GUUGAGUUGUAGUUGGAUUUGUCUGUUUAUGCUUGGAUUCACCAGAGUGA,54.11931339495077,3.7937899005469373,,,Walk
MAPT_4350_Asymmetric_2'-OMe/-F,MAPT,NM_001123066,UUUGUCUGUUUAUGCUUGGA,UGAGUUGUAGUUGGAUUUGUCUGUUUAUGCUUGGAUUCACCAGAGUGACU,45.096608152523366,7.506461319587863,,,Walk
MAPT_4352_Asymmetric_2'-OMe/-F,MAPT,NM_001123066,UGUCUGUUUAUGCUUGGAUU,AGUUGUAGUUGGAUUUGUCUGUUUAUGCUUGGAUUCACCAGAGUGACUAU,32.375718291482706,4.07571821378074,,,Walk
MAPT_4354_Asymmetric_2'-OMe/-F,MAPT,NM_001123066,UCUGUUUAUGCUUGGAUUCA,UUGUAGUUGGAUUUGUCUGUUUAUGCUUGGAUUCACCAGAGUGACUAUGA,33.43152349426987,3.3526452642107145,,,Walk
MAPT_4356_Asymmetric_2'-OMe/-F,MAPT,NM_001123066,UGUUUAUGCUUGGAUUCACC,GUAGUUGGAUUUGUCUGUUUAUGCUUGGAUUCACCAGAGUGACUAUGAUA,56.97568227724213,33.860603501007986,,,Walk
MAPT_4538_Asymmetric_2'-OMe/-F,MAPT,NM_001123066,UUUUGAAAGGCUUUCCUCAG,CUGGGGCCUCCCAAGUUUUGAAAGGCUUUCCUCAGCACCUGGGACCCAAC,74.42795715663546,12.288392775029164,7.74990093773009,1.04012518969426,Original
MAPT_4636_Asymmetric_2'-OMe/-F,MAPT,NM_001123066,UAGGACUGAAGCGAUGAUGU,CCUGAAGCACAGGAUUAGGACUGAAGCGAUGAUGUCCCCUUCCCUACUUC,53.23883091156614,16.475029237645888,13.9093832360149,2.99597416575258,Original
MAPT_4954_Asymmetric_2'-OMe/-F,MAPT,NM_001123066,GGGAUUGGGAUGAAUUGCCU,CCUGCGACCACAGCAGGGAUUGGGAUGAAUUGCCUGUCCUGGAUCUGCUC,71.48436251060146,14.141003056037722,9.04368850023883,0.890059661468142,Original
MAPT_5036_Asymmetric_2'-OMe/-F,MAPT,NM_001123066,GAGACACUGUUCCCAAAGCC,GACUUGACAAGUCAGGAGACACUGUUCCCAAAGCCUUGACCAGAGCACCU,52.8588769405508,13.54082773103188,35.0812237960468,3.55368332771408,Original
MAPT_5178_Asymmetric_2'-OMe/-F,MAPT,NM_001123066,GCCACUUCUGGUUUGGGUAC,CUCAGGCCCAAUUCUGCCACUUCUGGUUUGGGUACAGUUAAAGGCAACCC,67.7170486700352,17.77304735888633,24.2225899045293,5.73886137537349,Original
MAPT_5269_Asymmetric_2'-OMe/-F,MAPT,NM_001123066,CAGCUAGAGCUUUACCUGAA,UGGCAGCUUCGUGUGCAGCUAGAGCUUUACCUGAAAGGAAGUCUCUGGGC,82.81808381429128,6.9059559633583225,22.1476693298587,2.66066538893734,Original
MAPT_5468_Asymmetric_2'-OMe/-F,MAPT,NM_001123066,ACCUCGGUUCCUCUUCCUGA,UGCAUUUCUUCACGCACCUCGGUUCCUCUUCCUGAAGUUCUUGUGCCCUG,82.74174400331343,14.580937140710684,12.94807028206,2.35087314822087,Original
MAPT_5573_Asymmetric_2'-OMe/-F,MAPT,NM_001123066,GCCAGCCUAAGAUCAUGGUU,GGGCAGGCUCUUGGGGCCAGCCUAAGAUCAUGGUUUAGGGUGAUCAGUGC,73.45584097011847,14.439417700336806,31.06220810675,8.30424194071669,Original
MAPT_5761_Asymmetric_2'-OMe/-F,MAPT,NM_001123066,CAAGCUGCUGACUCACUUUA,GUAUGCCGGCUCCUUCAAGCUGCUGACUCACUUUAUCAAUAGUUCCAUUU,78.13181379370046,1.48621727477803,,,Walk
MAPT_5762_Asymmetric_2'-OMe/-F,MAPT,NM_001123066,AAGCUGCUGACUCACUUUAU,UAUGCCGGCUCCUUCAAGCUGCUGACUCACUUUAUCAAUAGUUCCAUUUA,55.14675233746877,4.345006864439515,14.3445135436785,0.644563316578717,Original
MAPT_5763_Asymmetric_2'-OMe/-F,MAPT,NM_001123066,AGCUGCUGACUCACUUUAUC,AUGCCGGCUCCUUCAAGCUGCUGACUCACUUUAUCAAUAGUUCCAUUUAA,67.50261381513208,7.186554187552175,,,Walk
MAPT_5764_Asymmetric_2'-OMe/-F,MAPT,NM_001123066,GCUGCUGACUCACUUUAUCA,UGCCGGCUCCUUCAAGCUGCUGACUCACUUUAUCAAUAGUUCCAUUUAAA,77.20290684965,39.55856122572225,,,Walk
MAPT_5765_Asymmetric_2'-OMe/-F,MAPT,NM_001123066,CUGCUGACUCACUUUAUCAA,GCCGGCUCCUUCAAGCUGCUGACUCACUUUAUCAAUAGUUCCAUUUAAAU,51.9626353965613,13.07051995973853,,,Walk
MAPT_5766_Asymmetric_2'-OMe/-F,MAPT,NM_001123066,UGCUGACUCACUUUAUCAAU,CCGGCUCCUUCAAGCUGCUGACUCACUUUAUCAAUAGUUCCAUUUAAAUU,53.96510601334583,14.874104351073028,,,Walk
MAPT_5767_Asymmetric_2'-OMe/-F,MAPT,NM_001123066,GCUGACUCACUUUAUCAAUA,CGGCUCCUUCAAGCUGCUGACUCACUUUAUCAAUAGUUCCAUUUAAAUUG,47.4817267330209,5.481065726907591,,,Walk
MAPT_5768_Asymmetric_2'-OMe/-F,MAPT,NM_001123066,CUGACUCACUUUAUCAAUAG,GGCUCCUUCAAGCUGCUGACUCACUUUAUCAAUAGUUCCAUUUAAAUUGA,48.83558095338543,2.078425499829067,,,Walk
MAPT_5769_Asymmetric_2'-OMe/-F,MAPT,NM_001123066,UGACUCACUUUAUCAAUAGU,GCUCCUUCAAGCUGCUGACUCACUUUAUCAAUAGUUCCAUUUAAAUUGAC,39.11506786503913,3.320632704816005,,,Walk
MAPT_5770_Asymmetric_2'-OMe/-F,MAPT,NM_001123066,GACUCACUUUAUCAAUAGUU,CUCCUUCAAGCUGCUGACUCACUUUAUCAAUAGUUCCAUUUAAAUUGACU,43.41300145826197,11.834819029312294,,,Walk
MAPT_5771_Asymmetric_2'-OMe/-F,MAPT,NM_001123066,ACUCACUUUAUCAAUAGUUC,UCCUUCAAGCUGCUGACUCACUUUAUCAAUAGUUCCAUUUAAAUUGACUU,35.6800495189378,6.56680378785542,,,Walk
MAPT_5772_Asymmetric_2'-OMe/-F,MAPT,NM_001123066,CUCACUUUAUCAAUAGUUCC,CCUUCAAGCUGCUGACUCACUUUAUCAAUAGUUCCAUUUAAAUUGACUUC,37.248268174458865,6.843776330648695,,,Walk
MAPT_5773_Asymmetric_2'-OMe/-F,MAPT,NM_001123066,UCACUUUAUCAAUAGUUCCA,CUUCAAGCUGCUGACUCACUUUAUCAAUAGUUCCAUUUAAAUUGACUUCA,42.7506878856135,5.256590074988065,,,Walk
MAPT_5774_Asymmetric_2'-OMe/-F,MAPT,NM_001123066,CACUUUAUCAAUAGUUCCAU,UUCAAGCUGCUGACUCACUUUAUCAAUAGUUCCAUUUAAAUUGACUUCAG,50.79829101790953,3.452979138222852,,,Walk
MAPT_5775_Asymmetric_2'-OMe/-F,MAPT,NM_001123066,ACUUUAUCAAUAGUUCCAUU,UCAAGCUGCUGACUCACUUUAUCAAUAGUUCCAUUUAAAUUGACUUCAGU,49.77842023771246,5.225877175726788,,,Walk
MAPT_5776_Asymmetric_2'-OMe/-F,MAPT,NM_001123066,CUUUAUCAAUAGUUCCAUUU,CAAGCUGCUGACUCACUUUAUCAAUAGUUCCAUUUAAAUUGACUUCAGUG,74.66957186584473,11.915689391911961,,,Walk
MAPT_5777_Asymmetric_2'-OMe/-F,MAPT,NM_001123066,UUUAUCAAUAGUUCCAUUUA,AAGCUGCUGACUCACUUUAUCAAUAGUUCCAUUUAAAUUGACUUCAGUGG,59.55618150360477,8.077421436928768,,,Walk
MAPT_5778_Asymmetric_2'-OMe/-F,MAPT,NM_001123066,UUAUCAAUAGUUCCAUUUAA,AGCUGCUGACUCACUUUAUCAAUAGUUCCAUUUAAAUUGACUUCAGUGGU,44.38584509735466,1.9260223087998023,,,Walk
MAPT_5779_Asymmetric_2'-OMe/-F,MAPT,NM_001123066,UAUCAAUAGUUCCAUUUAAA,GCUGCUGACUCACUUUAUCAAUAGUUCCAUUUAAAUUGACUUCAGUGGUG,44.57760732430017,9.025032767813448,,,Walk
MAPT_5780_Asymmetric_2'-OMe/-F,MAPT,NM_001123066,AUCAAUAGUUCCAUUUAAAU,CUGCUGACUCACUUUAUCAAUAGUUCCAUUUAAAUUGACUUCAGUGGUGA,33.557483460250204,1.0880582119060898,,,Walk
MAPT_5781_Asymmetric_2'-OMe/-F,MAPT,NM_001123066,UCAAUAGUUCCAUUUAAAUU,UGCUGACUCACUUUAUCAAUAGUUCCAUUUAAAUUGACUUCAGUGGUGAG,49.4516149818239,15.006198435926423,,,Walk
MAPT_5782_Asymmetric_2'-OMe/-F,MAPT,NM_001123066,CAAUAGUUCCAUUUAAAUUG,GCUGACUCACUUUAUCAAUAGUUCCAUUUAAAUUGACUUCAGUGGUGAGA,54.39067161732216,13.375959451992088,,,Walk
MAPT_5783_Asymmetric_2'-OMe/-F,MAPT,NM_001123066,AAUAGUUCCAUUUAAAUUGA,CUGACUCACUUUAUCAAUAGUUCCAUUUAAAUUGACUUCAGUGGUGAGAC,63.38821131705897,16.80716771289134,,,Walk
MAPT_5784_Asymmetric_2'-OMe/-F,MAPT,NM_001123066,AUAGUUCCAUUUAAAUUGAC,UGACUCACUUUAUCAAUAGUUCCAUUUAAAUUGACUUCAGUGGUGAGACU,63.943345501537834,3.228271902210688,,,Walk
MAPT_5785_Asymmetric_2'-OMe/-F,MAPT,NM_001123066,UAGUUCCAUUUAAAUUGACU,GACUCACUUUAUCAAUAGUUCCAUUUAAAUUGACUUCAGUGGUGAGACUG,58.04752628988526,5.602576295069819,,,Walk
MAPT_5786_Asymmetric_2'-OMe/-F,MAPT,NM_001123066,AGUUCCAUUUAAAUUGACUU,ACUCACUUUAUCAAUAGUUCCAUUUAAAUUGACUUCAGUGGUGAGACUGU,34.516825485453104,4.515582519989083,,,Walk
MAPT_5787_Asymmetric_2'-OMe/-F,MAPT,NM_001123066,GUUCCAUUUAAAUUGACUUC,CUCACUUUAUCAAUAGUUCCAUUUAAAUUGACUUCAGUGGUGAGACUGUA,47.76259289644813,6.098716709043214,,,Walk
MAPT_5788_Asymmetric_2'-OMe/-F,MAPT,NM_001123066,UUCCAUUUAAAUUGACUUCA,UCACUUUAUCAAUAGUUCCAUUUAAAUUGACUUCAGUGGUGAGACUGUAU,55.331149265875304,9.14140183300022,,,Walk
MAPT_5789_Asymmetric_2'-OMe/-F,MAPT,NM_001123066,UCCAUUUAAAUUGACUUCAG,CACUUUAUCAAUAGUUCCAUUUAAAUUGACUUCAGUGGUGAGACUGUAUC,69.85643931345867,11.106038912312503,,,Walk
MAPT_5790_Asymmetric_2'-OMe/-F,MAPT,NM_001123066,CCAUUUAAAUUGACUUCAGU,ACUUUAUCAAUAGUUCCAUUUAAAUUGACUUCAGUGGUGAGACUGUAUCC,56.911993603211805,2.6018921580687535,,,Walk
MAPT_5791_Asymmetric_2'-OMe/-F,MAPT,NM_001123066,CAUUUAAAUUGACUUCAGUG,CUUUAUCAAUAGUUCCAUUUAAAUUGACUUCAGUGGUGAGACUGUAUCCU,59.73603094401926,18.46723895603794,,,Walk
MAPT_5792_Asymmetric_2'-OMe/-F,MAPT,NM_001123066,AUUUAAAUUGACUUCAGUGG,UUUAUCAAUAGUUCCAUUUAAAUUGACUUCAGUGGUGAGACUGUAUCCUG,101.44701919303543,8.37365514424214,,,Walk
MAPT_5793_Asymmetric_2'-OMe/-F,MAPT,NM_001123066,UUUAAAUUGACUUCAGUGGU,UUAUCAAUAGUUCCAUUUAAAUUGACUUCAGUGGUGAGACUGUAUCCUGU,88.69445094440903,16.362976119598727,,,Walk
MAPT_5794_Asymmetric_2'-OMe/-F,MAPT,NM_001123066,UUAAAUUGACUUCAGUGGUG,UAUCAAUAGUUCCAUUUAAAUUGACUUCAGUGGUGAGACUGUAUCCUGUU,46.45876954184623,6.327081873947787,,,Walk
MAPT_5795_Asymmetric_2'-OMe/-F,MAPT,NM_001123066,UAAAUUGACUUCAGUGGUGA,AUCAAUAGUUCCAUUUAAAUUGACUUCAGUGGUGAGACUGUAUCCUGUUU,52.511031953819334,10.761929605243475,,,Walk
MAPT_5796_Asymmetric_2'-OMe/-F,MAPT,NM_001123066,AAAUUGACUUCAGUGGUGAG,UCAAUAGUUCCAUUUAAAUUGACUUCAGUGGUGAGACUGUAUCCUGUUUG,52.225889875069896,8.104124870751082,,,Walk
MAPT_5797_Asymmetric_2'-OMe/-F,MAPT,NM_001123066,AAUUGACUUCAGUGGUGAGA,CAAUAGUUCCAUUUAAAUUGACUUCAGUGGUGAGACUGUAUCCUGUUUGC,65.17816840099073,7.803768925469912,,,Walk
MAPT_5799_Asymmetric_2'-OMe/-F,MAPT,NM_001123066,UUGACUUCAGUGGUGAGACU,AUAGUUCCAUUUAAAUUGACUUCAGUGGUGAGACUGUAUCCUGUUUGCUA,59.8618737661832,2.589896804472093,,,Walk
MAPT_5812_Asymmetric_2'-OMe/-F,MAPT,NM_001123066,UGAGACUGUAUCCUGUUUGC,AAUUGACUUCAGUGGUGAGACUGUAUCCUGUUUGCUAUUGCUUGUUGUGC,49.4244137735432,7.178147480553619,7.46710846944229,2.35464526126274,Original
MAPT_5998_Asymmetric_2'-OMe/-F,MAPT,NM_001123066,GGUUUCUCUUUUCCACUGAC,GUUAGAGGCCCUUGGGGUUUCUCUUUUCCACUGACAGGCUUUCCCAGGCA,55.18657364532671,19.30491765264749,12.5086320508601,1.9817154566294,Original
MAPT_6118_Asymmetric_2'-OMe/-F,MAPT,NM_001123066,GGUCCUAAGCCCACAAUCAU,CUGCCCUCUUUCAGGGGUCCUAAGCCCACAAUCAUGCCUCCCUAAGACCU,70.50234424357431,17.303105506232853,11.3178675407024,0.984920195057583,Original
MAPT_6310_Asymmetric_2'-OMe/-F,MAPT,NM_001123066,UCACCUGCGUGUCCCAUCUA,CGAGGGCAGAGGUGAUCACCUGCGUGUCCCAUCUACAGACCUGCAGCUUC,74.30038055209286,11.099715576115193,23.0816628311701,4.83772389125847,Original
MAPT_6369_Asymmetric_2'-OMe/-F,MAPT,NM_001123066,CUUUGAAAAGGGUUACCCUG,CUGAUUUCUCUUCAGCUUUGAAAAGGGUUACCCUGGGCACUGGCCUAGAG,51.53881127780837,16.211988380490858,5.97889602186818,0.582019417982287,Original
MAPT_6527_Asymmetric_2'-OMe/-F,MAPT,NM_001123066,UUAGCUUAGCUUUCUGUCUG,GGACAUGAAAUCAUCUUAGCUUAGCUUUCUGUCUGUGAAUGUCUAUAUAG,51.465889461378765,18.297702219561202,5.48400426676951,2.1722070809152,Original
MAPT_6559_Asymmetric_2'-OMe/-F,MAPT,NM_001123066,UAGUGUAUUGUGUGUUUUAA,CUGUGAAUGUCUAUAUAGUGUAUUGUGUGUUUUAACAAAUGAUUUACACU,55.00462523568831,5.751581714855254,,,Walk
MAPT_6561_Asymmetric_2'-OMe/-F,MAPT,NM_001123066,GUGUAUUGUGUGUUUUAACA,GUGAAUGUCUAUAUAGUGUAUUGUGUGUUUUAACAAAUGAUUUACACUGA,58.167140578141165,8.367839289632272,,,Walk
MAPT_6563_Asymmetric_2'-OMe/-F,MAPT,NM_001123066,GUAUUGUGUGUUUUAACAAA,GAAUGUCUAUAUAGUGUAUUGUGUGUUUUAACAAAUGAUUUACACUGACU,51.38775300260773,7.392704605468433,,,Walk
MAPT_6565_Asymmetric_2'-OMe/-F,MAPT,NM_001123066,AUUGUGUGUUUUAACAAAUG,AUGUCUAUAUAGUGUAUUGUGUGUUUUAACAAAUGAUUUACACUGACUGU,53.9799040194292,10.540463814037125,,,Walk
MAPT_6567_Asymmetric_2'-OMe/-F,MAPT,NM_001123066,UGUGUGUUUUAACAAAUGAU,GUCUAUAUAGUGUAUUGUGUGUUUUAACAAAUGAUUUACACUGACUGUUG,50.27459192569534,7.719301899429026,,,Walk
MAPT_6568_Asymmetric_2'-OMe/-F,MAPT,NM_001123066,GUGUGUUUUAACAAAUGAUU,UCUAUAUAGUGUAUUGUGUGUUUUAACAAAUGAUUUACACUGACUGUUGC,39.223820001768566,4.210991141947086,,,Walk
MAPT_6569_Asymmetric_2'-OMe/-F,MAPT,NM_001123066,UGUGUUUUAACAAAUGAUUU,CUAUAUAGUGUAUUGUGUGUUUUAACAAAUGAUUUACACUGACUGUUGCU,88.47284232320457,17.525030672738403,,,Walk
MAPT_6570_Asymmetric_2'-OMe/-F,MAPT,NM_001123066,GUGUUUUAACAAAUGAUUUA,UAUAUAGUGUAUUGUGUGUUUUAACAAAUGAUUUACACUGACUGUUGCUG,63.915257455172934,11.552254349423242,,,Walk
MAPT_6571_Asymmetric_2'-OMe/-F,MAPT,NM_001123066,UGUUUUAACAAAUGAUUUAC,AUAUAGUGUAUUGUGUGUUUUAACAAAUGAUUUACACUGACUGUUGCUGU,82.67417181270066,1.7915206263400618,,,Walk
MAPT_6572_Asymmetric_2'-OMe/-F,MAPT,NM_001123066,GUUUUAACAAAUGAUUUACA,UAUAGUGUAUUGUGUGUUUUAACAAAUGAUUUACACUGACUGUUGCUGUA,55.31453047228294,7.497347519860586,,,Walk
MAPT_6573_Asymmetric_2'-OMe/-F,MAPT,NM_001123066,UUUUAACAAAUGAUUUACAC,AUAGUGUAUUGUGUGUUUUAACAAAUGAUUUACACUGACUGUUGCUGUAA,70.3613330193349,22.658612645123302,,,Walk
MAPT_6574_Asymmetric_2'-OMe/-F,MAPT,NM_001123066,UUUAACAAAUGAUUUACACU,UAGUGUAUUGUGUGUUUUAACAAAUGAUUUACACUGACUGUUGCUGUAAA,30.925103149168297,5.161588188364378,,,Walk
MAPT_6575_Asymmetric_2'-OMe/-F,MAPT,NM_001123066,UUAACAAAUGAUUUACACUG,AGUGUAUUGUGUGUUUUAACAAAUGAUUUACACUGACUGUUGCUGUAAAA,38.027722167408,5.340281577621829,,,Walk
MAPT_6576_Asymmetric_2'-OMe/-F,MAPT,NM_001123066,UAACAAAUGAUUUACACUGA,GUGUAUUGUGUGUUUUAACAAAUGAUUUACACUGACUGUUGCUGUAAAAG,45.1037532173429,6.281910551910821,,,Walk
MAPT_6577_Asymmetric_2'-OMe/-F,MAPT,NM_001123066,AACAAAUGAUUUACACUGAC,UGUAUUGUGUGUUUUAACAAAUGAUUUACACUGACUGUUGCUGUAAAAGU,69.55915451425376,62.18844299111018,,,Walk
MAPT_6578_Asymmetric_2'-OMe/-F,MAPT,NM_001123066,ACAAAUGAUUUACACUGACU,GUAUUGUGUGUUUUAACAAAUGAUUUACACUGACUGUUGCUGUAAAAGUG,36.66187751144397,10.81567601854873,14.3747179831873,5.24934213938384,Original
MAPT_6579_Asymmetric_2'-OMe/-F,MAPT,NM_001123066,CAAAUGAUUUACACUGACUG,UAUUGUGUGUUUUAACAAAUGAUUUACACUGACUGUUGCUGUAAAAGUGA,46.28194111676097,14.106188544062642,,,Walk
MAPT_6580_Asymmetric_2'-OMe/-F,MAPT,NM_001123066,AAAUGAUUUACACUGACUGU,AUUGUGUGUUUUAACAAAUGAUUUACACUGACUGUUGCUGUAAAAGUGAA,44.28223017770923,4.694614795362625,,,Walk
MAPT_6582_Asymmetric_2'-OMe/-F,MAPT,NM_001123066,AUGAUUUACACUGACUGUUG,UGUGUGUUUUAACAAAUGAUUUACACUGACUGUUGCUGUAAAAGUGAAUU,43.25035718382397,3.78572855857559,,,Walk
MAPT_6584_Asymmetric_2'-OMe/-F,MAPT,NM_001123066,GAUUUACACUGACUGUUGCU,UGUGUUUUAACAAAUGAUUUACACUGACUGUUGCUGUAAAAGUGAAUUUG,48.868538319576096,1.936480856402518,,,Walk
MAPT_6586_Asymmetric_2'-OMe/-F,MAPT,NM_001123066,UUUACACUGACUGUUGCUGU,UGUUUUAACAAAUGAUUUACACUGACUGUUGCUGUAAAAGUGAAUUUGGA,56.70834122269497,5.868989589914049,,,Walk
MAPT_6588_Asymmetric_2'-OMe/-F,MAPT,NM_001123066,UACACUGACUGUUGCUGUAA,UUUUAACAAAUGAUUUACACUGACUGUUGCUGUAAAAGUGAAUUUGGAAA,57.3545096494859,16.549222758084657,,,Walk
MAPT_6612_Asymmetric_2'-OMe/-F,MAPT,NM_001123066,GAAUUUGGAAAUAAAGUUAU,UGUUGCUGUAAAAGUGAAUUUGGAAAUAAAGUUAUUACUCUGAUUAAA??,73.60938066097968,14.726551463971731,35.2836671879464,2.7028666942428,Original
SNCA_482_Asymmetric_2'-OMe/-F,SNCA,NM_000345,AAGGAAUUCAUUAGCCAUGG,????AGUGUGGUGUAAAGGAAUUCAUUAGCCAUGGAUGUAUUCAUGAAAG,89.77028359606265,16.95801219793268,,,Walk
SNCA_484_Asymmetric_2'-OMe/-F,SNCA,NM_000345,GGAAUUCAUUAGCCAUGGAU,??AGUGUGGUGUAAAGGAAUUCAUUAGCCAUGGAUGUAUUCAUGAAAGGA,105.2646809373183,8.563028406775537,,,Walk
SNCA_486_Asymmetric_2'-OMe/-F,SNCA,NM_000345,AAUUCAUUAGCCAUGGAUGU,AGUGUGGUGUAAAGGAAUUCAUUAGCCAUGGAUGUAUUCAUGAAAGGACU,79.53957318800367,1.3968853755832862,48.1811555184136,7.84770932556783,Original
SNCA_488_Asymmetric_2'-OMe/-F,SNCA,NM_000345,UUCAUUAGCCAUGGAUGUAU,UGUGGUGUAAAGGAAUUCAUUAGCCAUGGAUGUAUUCAUGAAAGGACUUU,74.80650916992863,14.564245339911933,,,Walk
SNCA_490_Asymmetric_2'-OMe/-F,SNCA,NM_000345,CAUUAGCCAUGGAUGUAUUC,UGGUGUAAAGGAAUUCAUUAGCCAUGGAUGUAUUCAUGAAAGGACUUUCA,104.158650323613,3.2149820850757065,,,Walk
SNCA_492_Asymmetric_2'-OMe/-F,SNCA,NM_000345,UUAGCCAUGGAUGUAUUCAU,GUGUAAAGGAAUUCAUUAGCCAUGGAUGUAUUCAUGAAAGGACUUUCAAA,35.22883444335933,5.76423597140406,,,Walk
SNCA_494_Asymmetric_2'-OMe/-F,SNCA,NM_000345,AGCCAUGGAUGUAUUCAUGA,GUAAAGGAAUUCAUUAGCCAUGGAUGUAUUCAUGAAAGGACUUUCAAAGG,69.12209708504638,14.159668352457176,,,Walk
SNCA_496_Asymmetric_2'-OMe/-F,SNCA,NM_000345,CCAUGGAUGUAUUCAUGAAA,AAAGGAAUUCAUUAGCCAUGGAUGUAUUCAUGAAAGGACUUUCAAAGGCC,37.6579284535646,0.8221848980425297,,,Walk
SNCA_498_Asymmetric_2'-OMe/-F,SNCA,NM_000345,AUGGAUGUAUUCAUGAAAGG,AGGAAUUCAUUAGCCAUGGAUGUAUUCAUGAAAGGACUUUCAAAGGCCAA,43.15160028215707,7.525779862396492,,,Walk
SNCA_500_Asymmetric_2'-OMe/-F,SNCA,NM_000345,GGAUGUAUUCAUGAAAGGAC,GAAUUCAUUAGCCAUGGAUGUAUUCAUGAAAGGACUUUCAAAGGCCAAGG,59.10037689484714,34.79103096226932,,,Walk
SNCA_502_Asymmetric_2'-OMe/-F,SNCA,NM_000345,AUGUAUUCAUGAAAGGACUU,AUUCAUUAGCCAUGGAUGUAUUCAUGAAAGGACUUUCAAAGGCCAAGGAG,91.57862176363254,6.352670396917244,,,Walk
SNCA_549_Asymmetric_2'-OMe/-F,SNCA,NM_000345,GCUGCUGAGAAAACCAAACA,GAGGGAGUUGUGGCUGCUGCUGAGAAAACCAAACAGGGUGUGGCAGAAGC,77.61474926911983,3.819473079691115,55.6751778543083,21.2171501865507,Original
SNCA_610_Asymmetric_2'-OMe/-F,SNCA,NM_000345,UCUAUGUAGGCUCCAAAACC,CAAAAGAGGGUGUUCUCUAUGUAGGCUCCAAAACCAAGGAGGGAGUGGUG,85.1969910675342,8.15268681297382,62.2552004901788,10.0819813169,Original
SNCA_681_Asymmetric_2'-OMe/-F,SNCA,NM_000345,CAAGUGACAAAUGUUGGAGG,GAGAAGACCAAAGAGCAAGUGACAAAUGUUGGAGGAGCAGUGGUGACGGG,62.5968120982269,10.160845160112283,56.2895279710921,12.3931927714865,Original
SNCA_1200_Asymmetric_2'-OMe/-F,SNCA,NM_000345,AUGAGGCUUAUGAAAUGCCU,CUGUGGAUCCUGACAAUGAGGCUUAUGAAAUGCCUUCUGAGGAAGGGUAU,100.00541568024998,29.133674155435905,20.4696386458002,5.42032294529382,Original
SNCA_1242_Asymmetric_2'-OMe/-F,SNCA,NM_000345,ACGAACCUGAAGCCUAAGAA,AAGGGUAUCAAGACUACGAACCUGAAGCCUAAGAAAUAUCUUUGCUCCCA,131.620035175468,8.272540979969843,,,Walk
SNCA_1244_Asymmetric_2'-OMe/-F,SNCA,NM_000345,GAACCUGAAGCCUAAGAAAU,GGGUAUCAAGACUACGAACCUGAAGCCUAAGAAAUAUCUUUGCUCCCAGU,57.45412901392617,10.083896380107596,,,Walk
SNCA_1246_Asymmetric_2'-OMe/-F,SNCA,NM_000345,ACCUGAAGCCUAAGAAAUAU,GUAUCAAGACUACGAACCUGAAGCCUAAGAAAUAUCUUUGCUCCCAGUUU,65.0474268415506,9.40882205237415,,,Walk
SNCA_1248_Asymmetric_2'-OMe/-F,SNCA,NM_000345,CUGAAGCCUAAGAAAUAUCU,AUCAAGACUACGAACCUGAAGCCUAAGAAAUAUCUUUGCUCCCAGUUUCU,129.14086777829934,11.223229873396782,,,Walk
SNCA_1250_Asymmetric_2'-OMe/-F,SNCA,NM_000345,GAAGCCUAAGAAAUAUCUUU,CAAGACUACGAACCUGAAGCCUAAGAAAUAUCUUUGCUCCCAGUUUCUUG,32.5564481786374,8.506574076900622,,,Walk
SNCA_1252_Asymmetric_2'-OMe/-F,SNCA,NM_000345,AGCCUAAGAAAUAUCUUUGC,AGACUACGAACCUGAAGCCUAAGAAAUAUCUUUGCUCCCAGUUUCUUGAG,31.101389579490064,1.0112707626857442,20.8448568002355,5.18291978496556,Original
SNCA_1254_Asymmetric_2'-OMe/-F,SNCA,NM_000345,CCUAAGAAAUAUCUUUGCUC,ACUACGAACCUGAAGCCUAAGAAAUAUCUUUGCUCCCAGUUUCUUGAGAU,38.3206975877688,6.131906137774824,,,Walk
SNCA_1256_Asymmetric_2'-OMe/-F,SNCA,NM_000345,UAAGAAAUAUCUUUGCUCCC,UACGAACCUGAAGCCUAAGAAAUAUCUUUGCUCCCAGUUUCUUGAGAUCU,68.77944400178254,2.4511299245143685,,,Walk
SNCA_1258_Asymmetric_2'-OMe/-F,SNCA,NM_000345,AGAAAUAUCUUUGCUCCCAG,CGAACCUGAAGCCUAAGAAAUAUCUUUGCUCCCAGUUUCUUGAGAUCUGC,54.33278268586553,2.356517513879422,,,Walk
SNCA_1259_Asymmetric_2'-OMe/-F,SNCA,NM_000345,GAAAUAUCUUUGCUCCCAGU,GAACCUGAAGCCUAAGAAAUAUCUUUGCUCCCAGUUUCUUGAGAUCUGCU,44.54633189564034,1.0237296863959335,,,3' UTR
SNCA_1260_Asymmetric_2'-OMe/-F,SNCA,NM_000345,AAAUAUCUUUGCUCCCAGUU,AACCUGAAGCCUAAGAAAUAUCUUUGCUCCCAGUUUCUUGAGAUCUGCUG,96.36490498660937,16.324255886576964,,,Walk
SNCA_1262_Asymmetric_2'-OMe/-F,SNCA,NM_000345,AUAUCUUUGCUCCCAGUUUC,CCUGAAGCCUAAGAAAUAUCUUUGCUCCCAGUUUCUUGAGAUCUGCUGAC,26.9318828397415,5.4729787422935665,,,Walk
SNCA_1263_Asymmetric_2'-OMe/-F,SNCA,NM_000345,UAUCUUUGCUCCCAGUUUCU,CUGAAGCCUAAGAAAUAUCUUUGCUCCCAGUUUCUUGAGAUCUGCUGACA,31.183670458552,1.1580016233979915,,,3' UTR
SNCA_1265_Asymmetric_2'-OMe/-F,SNCA,NM_000345,UCUUUGCUCCCAGUUUCUUG,GAAGCCUAAGAAAUAUCUUUGCUCCCAGUUUCUUGAGAUCUGCUGACAGA,99.2263643484968,12.15553220864835,,,3' UTR
SNCA_1267_Asymmetric_2'-OMe/-F,SNCA,NM_000345,UUUGCUCCCAGUUUCUUGAG,AGCCUAAGAAAUAUCUUUGCUCCCAGUUUCUUGAGAUCUGCUGACAGAUG,84.6529393440757,10.673439602559343,,,3' UTR
SNCA_1269_Asymmetric_2'-OMe/-F,SNCA,NM_000345,UGCUCCCAGUUUCUUGAGAU,CCUAAGAAAUAUCUUUGCUCCCAGUUUCUUGAGAUCUGCUGACAGAUGUU,40.72740334600331,12.549845297395326,,,3' UTR
SNCA_1271_Asymmetric_2'-OMe/-F,SNCA,NM_000345,CUCCCAGUUUCUUGAGAUCU,UAAGAAAUAUCUUUGCUCCCAGUUUCUUGAGAUCUGCUGACAGAUGUUCC,61.520202658046664,12.179584363675056,,,3' UTR
SNCA_1273_Asymmetric_2'-OMe/-F,SNCA,NM_000345,CCCAGUUUCUUGAGAUCUGC,AGAAAUAUCUUUGCUCCCAGUUUCUUGAGAUCUGCUGACAGAUGUUCCAU,36.68037757630387,3.5919740564683056,,,3' UTR
SNCA_1275_Asymmetric_2'-OMe/-F,SNCA,NM_000345,CAGUUUCUUGAGAUCUGCUG,AAAUAUCUUUGCUCCCAGUUUCUUGAGAUCUGCUGACAGAUGUUCCAUCC,50.241025332473974,2.3439191816932903,,,3' UTR
SNCA_1277_Asymmetric_2'-OMe/-F,SNCA,NM_000345,GUUUCUUGAGAUCUGCUGAC,AUAUCUUUGCUCCCAGUUUCUUGAGAUCUGCUGACAGAUGUUCCAUCCUG,34.89793403952923,5.81293182959947,,,3' UTR
SNCA_1279_Asymmetric_2'-OMe/-F,SNCA,NM_000345,UUCUUGAGAUCUGCUGACAG,AUCUUUGCUCCCAGUUUCUUGAGAUCUGCUGACAGAUGUUCCAUCCUGUA,26.5029453571,1.2044090230274498,,,3' UTR
SNCA_1281_Asymmetric_2'-OMe/-F,SNCA,NM_000345,CUUGAGAUCUGCUGACAGAU,CUUUGCUCCCAGUUUCUUGAGAUCUGCUGACAGAUGUUCCAUCCUGUACA,45.186389978249,7.912802348346846,,,3' UTR
SNCA_1283_Asymmetric_2'-OMe/-F,SNCA,NM_000345,UGAGAUCUGCUGACAGAUGU,UUGCUCCCAGUUUCUUGAGAUCUGCUGACAGAUGUUCCAUCCUGUACAAG,61.52187822038263,20.523697911237072,,,3' UTR
SNCA_1285_Asymmetric_2'-OMe/-F,SNCA,NM_000345,AGAUCUGCUGACAGAUGUUC,GCUCCCAGUUUCUUGAGAUCUGCUGACAGAUGUUCCAUCCUGUACAAGUG,67.67389841836723,5.17044985350826,,,3' UTR
SNCA_1287_Asymmetric_2'-OMe/-F,SNCA,NM_000345,AUCUGCUGACAGAUGUUCCA,UCCCAGUUUCUUGAGAUCUGCUGACAGAUGUUCCAUCCUGUACAAGUGCU,43.2541980332121,6.886529225804275,,,3' UTR
SNCA_1289_Asymmetric_2'-OMe/-F,SNCA,NM_000345,CUGCUGACAGAUGUUCCAUC,CCAGUUUCUUGAGAUCUGCUGACAGAUGUUCCAUCCUGUACAAGUGCUCA,30.028311246808467,3.5537236805030186,,,3' UTR
SNCA_1291_Asymmetric_2'-OMe/-F,SNCA,NM_000345,GCUGACAGAUGUUCCAUCCU,AGUUUCUUGAGAUCUGCUGACAGAUGUUCCAUCCUGUACAAGUGCUCAGU,40.97386471147663,3.7135066700138117,,,3' UTR
SNCA_1293_Asymmetric_2'-OMe/-F,SNCA,NM_000345,UGACAGAUGUUCCAUCCUGU,UUUCUUGAGAUCUGCUGACAGAUGUUCCAUCCUGUACAAGUGCUCAGUUC,35.237686193940995,8.807733442977277,,,3' UTR
SNCA_1294_Asymmetric_2'-OMe/-F,SNCA,NM_000345,GACAGAUGUUCCAUCCUGUA,UUCUUGAGAUCUGCUGACAGAUGUUCCAUCCUGUACAAGUGCUCAGUUCC,36.26302367290146,4.077626578410802,,,Walk
SNCA_1298_Asymmetric_2'-OMe/-F,SNCA,NM_000345,GAUGUUCCAUCCUGUACAAG,UGAGAUCUGCUGACAGAUGUUCCAUCCUGUACAAGUGCUCAGUUCCAAUG,74.0431704149769,5.752346162046625,,,Walk
SNCA_1299_Asymmetric_2'-OMe/-F,SNCA,NM_000345,AUGUUCCAUCCUGUACAAGU,GAGAUCUGCUGACAGAUGUUCCAUCCUGUACAAGUGCUCAGUUCCAAUGU,44.310249259995004,8.81921045802079,,,3' UTR
SNCA_1300_Asymmetric_2'-OMe/-F,SNCA,NM_000345,UGUUCCAUCCUGUACAAGUG,AGAUCUGCUGACAGAUGUUCCAUCCUGUACAAGUGCUCAGUUCCAAUGUG,39.5551030138958,4.892430370570428,,,Walk
SNCA_1302_Asymmetric_2'-OMe/-F,SNCA,NM_000345,UUCCAUCCUGUACAAGUGCU,AUCUGCUGACAGAUGUUCCAUCCUGUACAAGUGCUCAGUUCCAAUGUGCC,58.69486827689894,2.32527111700645,,,Walk
SNCA_1303_Asymmetric_2'-OMe/-F,SNCA,NM_000345,UCCAUCCUGUACAAGUGCUC,UCUGCUGACAGAUGUUCCAUCCUGUACAAGUGCUCAGUUCCAAUGUGCCC,39.48281362487126,3.1676890290406186,,,3' UTR
SNCA_1304_Asymmetric_2'-OMe/-F,SNCA,NM_000345,CCAUCCUGUACAAGUGCUCA,CUGCUGACAGAUGUUCCAUCCUGUACAAGUGCUCAGUUCCAAUGUGCCCA,18.930784508336036,1.114558120395354,16.4573618274414,9.027898477922,Original
SNCA_1306_Asymmetric_2'-OMe/-F,SNCA,NM_000345,AUCCUGUACAAGUGCUCAGU,GCUGACAGAUGUUCCAUCCUGUACAAGUGCUCAGUUCCAAUGUGCCCAGU,58.84986690879034,10.968054138263728,,,Walk
SNCA_1307_Asymmetric_2'-OMe/-F,SNCA,NM_000345,UCCUGUACAAGUGCUCAGUU,CUGACAGAUGUUCCAUCCUGUACAAGUGCUCAGUUCCAAUGUGCCCAGUC,40.11127212304833,0.6997091337583272,,,3' UTR
SNCA_1308_Asymmetric_2'-OMe/-F,SNCA,NM_000345,CCUGUACAAGUGCUCAGUUC,UGACAGAUGUUCCAUCCUGUACAAGUGCUCAGUUCCAAUGUGCCCAGUCA,37.2302494905605,5.33722050030393,,,Walk
SNCA_1310_Asymmetric_2'-OMe/-F,SNCA,NM_000345,UGUACAAGUGCUCAGUUCCA,ACAGAUGUUCCAUCCUGUACAAGUGCUCAGUUCCAAUGUGCCCAGUCAUG,42.703363689019874,4.411631879852231,,,Walk
SNCA_1311_Asymmetric_2'-OMe/-F,SNCA,NM_000345,GUACAAGUGCUCAGUUCCAA,CAGAUGUUCCAUCCUGUACAAGUGCUCAGUUCCAAUGUGCCCAGUCAUGA,34.9454909535756,6.665890724417004,,,3' UTR
SNCA_1312_Asymmetric_2'-OMe/-F,SNCA,NM_000345,UACAAGUGCUCAGUUCCAAU,AGAUGUUCCAUCCUGUACAAGUGCUCAGUUCCAAUGUGCCCAGUCAUGAC,19.39350341159457,1.2794246630540105,,,Walk
SNCA_1314_Asymmetric_2'-OMe/-F,SNCA,NM_000345,CAAGUGCUCAGUUCCAAUGU,AUGUUCCAUCCUGUACAAGUGCUCAGUUCCAAUGUGCCCAGUCAUGACAU,60.439724876544396,5.478023389163877,,,Walk
SNCA_1315_Asymmetric_2'-OMe/-F,SNCA,NM_000345,AAGUGCUCAGUUCCAAUGUG,UGUUCCAUCCUGUACAAGUGCUCAGUUCCAAUGUGCCCAGUCAUGACAUU,40.8083694552602,2.8114430270841315,,,3' UTR
SNCA_1317_Asymmetric_2'-OMe/-F,SNCA,NM_000345,GUGCUCAGUUCCAAUGUGCC,UUCCAUCCUGUACAAGUGCUCAGUUCCAAUGUGCCCAGUCAUGACAUUUC,14.587253285652466,3.775672559667144,,,3' UTR
SNCA_1319_Asymmetric_2'-OMe/-F,SNCA,NM_000345,GCUCAGUUCCAAUGUGCCCA,CCAUCCUGUACAAGUGCUCAGUUCCAAUGUGCCCAGUCAUGACAUUUCUC,52.03554605066674,5.231480775342663,,,3' UTR
SNCA_1321_Asymmetric_2'-OMe/-F,SNCA,NM_000345,UCAGUUCCAAUGUGCCCAGU,AUCCUGUACAAGUGCUCAGUUCCAAUGUGCCCAGUCAUGACAUUUCUCAA,36.2132321547464,2.9491944488996653,,,3' UTR
SNCA_1323_Asymmetric_2'-OMe/-F,SNCA,NM_000345,AGUUCCAAUGUGCCCAGUCA,CCUGUACAAGUGCUCAGUUCCAAUGUGCCCAGUCAUGACAUUUCUCAAAG,52.79732532462873,6.224079285561161,,,3' UTR
SNCA_1325_Asymmetric_2'-OMe/-F,SNCA,NM_000345,UUCCAAUGUGCCCAGUCAUG,UGUACAAGUGCUCAGUUCCAAUGUGCCCAGUCAUGACAUUUCUCAAAGUU,44.74147666958647,1.5748029878897623,,,3' UTR
SNCA_1327_Asymmetric_2'-OMe/-F,SNCA,NM_000345,CCAAUGUGCCCAGUCAUGAC,UACAAGUGCUCAGUUCCAAUGUGCCCAGUCAUGACAUUUCUCAAAGUUUU,37.134514819304236,7.869573557575959,,,3' UTR
SNCA_1329_Asymmetric_2'-OMe/-F,SNCA,NM_000345,AAUGUGCCCAGUCAUGACAU,CAAGUGCUCAGUUCCAAUGUGCCCAGUCAUGACAUUUCUCAAAGUUUUUA,87.75129879085364,5.961145235140321,,,3' UTR
SNCA_1331_Asymmetric_2'-OMe/-F,SNCA,NM_000345,UGUGCCCAGUCAUGACAUUU,AGUGCUCAGUUCCAAUGUGCCCAGUCAUGACAUUUCUCAAAGUUUUUACA,60.7439830758702,24.715491222454745,,,3' UTR
SNCA_1333_Asymmetric_2'-OMe/-F,SNCA,NM_000345,UGCCCAGUCAUGACAUUUCU,UGCUCAGUUCCAAUGUGCCCAGUCAUGACAUUUCUCAAAGUUUUUACAGU,25.828328502401135,1.8019287758242921,,,3' UTR
SNCA_1335_Asymmetric_2'-OMe/-F,SNCA,NM_000345,CCCAGUCAUGACAUUUCUCA,CUCAGUUCCAAUGUGCCCAGUCAUGACAUUUCUCAAAGUUUUUACAGUGU,25.928763906620066,2.30557044975828,,,3' UTR
SNCA_1337_Asymmetric_2'-OMe/-F,SNCA,NM_000345,CAGUCAUGACAUUUCUCAAA,CAGUUCCAAUGUGCCCAGUCAUGACAUUUCUCAAAGUUUUUACAGUGUAU,28.666952527355335,6.321960858896387,,,3' UTR
SNCA_1339_Asymmetric_2'-OMe/-F,SNCA,NM_000345,GUCAUGACAUUUCUCAAAGU,GUUCCAAUGUGCCCAGUCAUGACAUUUCUCAAAGUUUUUACAGUGUAUCU,37.34242214833913,5.260357836650639,,,3' UTR
SNCA_1342_Asymmetric_2'-OMe/-F,SNCA,NM_000345,AUGACAUUUCUCAAAGUUUU,CCAAUGUGCCCAGUCAUGACAUUUCUCAAAGUUUUUACAGUGUAUCUCGA,21.3748063220215,1.8857643426049748,,,3' UTR
SNCA_1344_Asymmetric_2'-OMe/-F,SNCA,NM_000345,GACAUUUCUCAAAGUUUUUA,AAUGUGCCCAGUCAUGACAUUUCUCAAAGUUUUUACAGUGUAUCUCGAAG,43.07833233939397,8.130123532745067,,,3' UTR
SNCA_1345_Asymmetric_2'-OMe/-F,SNCA,NM_000345,ACAUUUCUCAAAGUUUUUAC,AUGUGCCCAGUCAUGACAUUUCUCAAAGUUUUUACAGUGUAUCUCGAAGU,48.89438876665383,0.7831787481878323,,,Walk
SNCA_1347_Asymmetric_2'-OMe/-F,SNCA,NM_000345,AUUUCUCAAAGUUUUUACAG,GUGCCCAGUCAUGACAUUUCUCAAAGUUUUUACAGUGUAUCUCGAAGUCU,82.28471477804071,7.4086524526951605,,,Walk
SNCA_1348_Asymmetric_2'-OMe/-F,SNCA,NM_000345,UUUCUCAAAGUUUUUACAGU,UGCCCAGUCAUGACAUUUCUCAAAGUUUUUACAGUGUAUCUCGAAGUCUU,21.9922970585409,3.826613305720418,,,3' UTR
SNCA_1349_Asymmetric_2'-OMe/-F,SNCA,NM_000345,UUCUCAAAGUUUUUACAGUG,GCCCAGUCAUGACAUUUCUCAAAGUUUUUACAGUGUAUCUCGAAGUCUUC,31.016018758918932,4.022252950597203,,,Walk
SNCA_1351_Asymmetric_2'-OMe/-F,SNCA,NM_000345,CUCAAAGUUUUUACAGUGUA,CCAGUCAUGACAUUUCUCAAAGUUUUUACAGUGUAUCUCGAAGUCUUCCA,34.3806699008256,6.001543458635707,,,Walk
SNCA_1352_Asymmetric_2'-OMe/-F,SNCA,NM_000345,UCAAAGUUUUUACAGUGUAU,CAGUCAUGACAUUUCUCAAAGUUUUUACAGUGUAUCUCGAAGUCUUCCAU,31.3405972541667,14.389016823219142,,,3' UTR
SNCA_1353_Asymmetric_2'-OMe/-F,SNCA,NM_000345,CAAAGUUUUUACAGUGUAUC,AGUCAUGACAUUUCUCAAAGUUUUUACAGUGUAUCUCGAAGUCUUCCAUC,24.585319253206467,5.051261133425091,,,Walk
SNCA_1355_Asymmetric_2'-OMe/-F,SNCA,NM_000345,AAGUUUUUACAGUGUAUCUC,UCAUGACAUUUCUCAAAGUUUUUACAGUGUAUCUCGAAGUCUUCCAUCAG,14.5384804534087,0.5257829062493755,7.52658298680187,1.7577516760898,Original
SNCA_1356_Asymmetric_2'-OMe/-F,SNCA,NM_000345,AGUUUUUACAGUGUAUCUCG,CAUGACAUUUCUCAAAGUUUUUACAGUGUAUCUCGAAGUCUUCCAUCAGC,39.485247370682494,9.160718820887087,,,3' UTR
SNCA_1357_Asymmetric_2'-OMe/-F,SNCA,NM_000345,GUUUUUACAGUGUAUCUCGA,AUGACAUUUCUCAAAGUUUUUACAGUGUAUCUCGAAGUCUUCCAUCAGCA,19.473808566514702,1.2666168826641948,,,Walk
SNCA_1358_Asymmetric_2'-OMe/-F,SNCA,NM_000345,UUUUUACAGUGUAUCUCGAA,UGACAUUUCUCAAAGUUUUUACAGUGUAUCUCGAAGUCUUCCAUCAGCAG,39.897751084793235,5.358982325791904,,,3' UTR
SNCA_1359_Asymmetric_2'-OMe/-F,SNCA,NM_000345,UUUUACAGUGUAUCUCGAAG,GACAUUUCUCAAAGUUUUUACAGUGUAUCUCGAAGUCUUCCAUCAGCAGU,15.337558428719667,0.39479156704472373,,,Walk
SNCA_1361_Asymmetric_2'-OMe/-F,SNCA,NM_000345,UUACAGUGUAUCUCGAAGUC,CAUUUCUCAAAGUUUUUACAGUGUAUCUCGAAGUCUUCCAUCAGCAGUGA,19.998256832443133,1.1992893626069443,,,Walk
SNCA_1362_Asymmetric_2'-OMe/-F,SNCA,NM_000345,UACAGUGUAUCUCGAAGUCU,AUUUCUCAAAGUUUUUACAGUGUAUCUCGAAGUCUUCCAUCAGCAGUGAU,44.37018081591373,10.79514760806938,,,3' UTR
SNCA_1363_Asymmetric_2'-OMe/-F,SNCA,NM_000345,ACAGUGUAUCUCGAAGUCUU,UUUCUCAAAGUUUUUACAGUGUAUCUCGAAGUCUUCCAUCAGCAGUGAUU,25.4701641548242,1.3867293095560764,,,Walk
SNCA_1365_Asymmetric_2'-OMe/-F,SNCA,NM_000345,AGUGUAUCUCGAAGUCUUCC,UCUCAAAGUUUUUACAGUGUAUCUCGAAGUCUUCCAUCAGCAGUGAUUGA,36.457648780431235,3.7303919803641676,,,Walk
SNCA_1366_Asymmetric_2'-OMe/-F,SNCA,NM_000345,GUGUAUCUCGAAGUCUUCCA,CUCAAAGUUUUUACAGUGUAUCUCGAAGUCUUCCAUCAGCAGUGAUUGAA,85.27288842499293,12.617081338701702,,,3' UTR
SNCA_1368_Asymmetric_2'-OMe/-F,SNCA,NM_000345,GUAUCUCGAAGUCUUCCAUC,CAAAGUUUUUACAGUGUAUCUCGAAGUCUUCCAUCAGCAGUGAUUGAAGU,43.21920332479653,5.20958417019634,,,3' UTR
SNCA_1370_Asymmetric_2'-OMe/-F,SNCA,NM_000345,AUCUCGAAGUCUUCCAUCAG,AAGUUUUUACAGUGUAUCUCGAAGUCUUCCAUCAGCAGUGAUUGAAGUAU,48.13502597707177,4.0438958568044425,,,3' UTR
SNCA_1372_Asymmetric_2'-OMe/-F,SNCA,NM_000345,CUCGAAGUCUUCCAUCAGCA,GUUUUUACAGUGUAUCUCGAAGUCUUCCAUCAGCAGUGAUUGAAGUAUCU,55.173867900632025,13.530345269620243,,,3' UTR
SNCA_1374_Asymmetric_2'-OMe/-F,SNCA,NM_000345,CGAAGUCUUCCAUCAGCAGU,UUUUACAGUGUAUCUCGAAGUCUUCCAUCAGCAGUGAUUGAAGUAUCUGU,67.4461246545207,21.955453531081492,,,3' UTR
SNCA_1376_Asymmetric_2'-OMe/-F,SNCA,NM_000345,AAGUCUUCCAUCAGCAGUGA,UUACAGUGUAUCUCGAAGUCUUCCAUCAGCAGUGAUUGAAGUAUCUGUAC,66.06483374704614,27.916636091442992,,,3' UTR
SNCA_1378_Asymmetric_2'-OMe/-F,SNCA,NM_000345,GUCUUCCAUCAGCAGUGAUU,ACAGUGUAUCUCGAAGUCUUCCAUCAGCAGUGAUUGAAGUAUCUGUACCU,69.17599318381211,12.202598335995736,,,3' UTR
SNCA_1380_Asymmetric_2'-OMe/-F,SNCA,NM_000345,CUUCCAUCAGCAGUGAUUGA,AGUGUAUCUCGAAGUCUUCCAUCAGCAGUGAUUGAAGUAUCUGUACCUGC,37.651439013542564,2.673253004117965,,,3' UTR
SNCA_1382_Asymmetric_2'-OMe/-F,SNCA,NM_000345,UCCAUCAGCAGUGAUUGAAG,UGUAUCUCGAAGUCUUCCAUCAGCAGUGAUUGAAGUAUCUGUACCUGCCC,78.12342151535732,68.78921124535854,,,3' UTR
SNCA_1384_Asymmetric_2'-OMe/-F,SNCA,NM_000345,CAUCAGCAGUGAUUGAAGUA,UAUCUCGAAGUCUUCCAUCAGCAGUGAUUGAAGUAUCUGUACCUGCCCCC,52.745620133136505,7.606784275137115,,,3' UTR
SNCA_1386_Asymmetric_2'-OMe/-F,SNCA,NM_000345,UCAGCAGUGAUUGAAGUAUC,UCUCGAAGUCUUCCAUCAGCAGUGAUUGAAGUAUCUGUACCUGCCCCCAC,35.0068354977435,7.537125217533409,,,3' UTR
SNCA_1390_Asymmetric_2'-OMe/-F,SNCA,NM_000345,CAGUGAUUGAAGUAUCUGUA,GAAGUCUUCCAUCAGCAGUGAUUGAAGUAUCUGUACCUGCCCCCACUCAG,51.00289241147817,2.2722633830552224,,,3' UTR
SNCA_1392_Asymmetric_2'-OMe/-F,SNCA,NM_000345,GUGAUUGAAGUAUCUGUACC,AGUCUUCCAUCAGCAGUGAUUGAAGUAUCUGUACCUGCCCCCACUCAGCA,67.64492190036036,27.207570159470322,,,3' UTR
SNCA_1394_Asymmetric_2'-OMe/-F,SNCA,NM_000345,GAUUGAAGUAUCUGUACCUG,UCUUCCAUCAGCAGUGAUUGAAGUAUCUGUACCUGCCCCCACUCAGCAUU,51.3393233808936,3.230119851035723,,,3' UTR
SNCA_1396_Asymmetric_2'-OMe/-F,SNCA,NM_000345,UUGAAGUAUCUGUACCUGCC,UUCCAUCAGCAGUGAUUGAAGUAUCUGUACCUGCCCCCACUCAGCAUUUC,92.75132852378135,22.813236251359484,,,3' UTR
SNCA_1417_Asymmetric_2'-OMe/-F,SNCA,NM_000345,CCACUCAGCAUUUCGGUGCU,UAUCUGUACCUGCCCCCACUCAGCAUUUCGGUGCUUCCCUUUCACUGAAG,70.78771731059666,25.08154816279208,,,3' UTR
SNCA_1419_Asymmetric_2'-OMe/-F,SNCA,NM_000345,ACUCAGCAUUUCGGUGCUUC,UCUGUACCUGCCCCCACUCAGCAUUUCGGUGCUUCCCUUUCACUGAAGUG,92.25236888379008,7.921490030304615,,,3' UTR
SNCA_1421_Asymmetric_2'-OMe/-F,SNCA,NM_000345,UCAGCAUUUCGGUGCUUCCC,UGUACCUGCCCCCACUCAGCAUUUCGGUGCUUCCCUUUCACUGAAGUGAA,63.231563336660294,25.841923844027477,,,3' UTR
SNCA_1423_Asymmetric_2'-OMe/-F,SNCA,NM_000345,AGCAUUUCGGUGCUUCCCUU,UACCUGCCCCCACUCAGCAUUUCGGUGCUUCCCUUUCACUGAAGUGAAUA,56.49634429192971,3.179811311913143,,,3' UTR
SNCA_1424_Asymmetric_2'-OMe/-F,SNCA,NM_000345,GCAUUUCGGUGCUUCCCUUU,ACCUGCCCCCACUCAGCAUUUCGGUGCUUCCCUUUCACUGAAGUGAAUAC,58.2358927636148,6.779641691921515,27.4253240796868,10.36695022836,Original
SNCA_1426_Asymmetric_2'-OMe/-F,SNCA,NM_000345,AUUUCGGUGCUUCCCUUUCA,CUGCCCCCACUCAGCAUUUCGGUGCUUCCCUUUCACUGAAGUGAAUACAU,64.6329555535102,3.6963609761758933,,,3' UTR
SNCA_1428_Asymmetric_2'-OMe/-F,SNCA,NM_000345,UUCGGUGCUUCCCUUUCACU,GCCCCCACUCAGCAUUUCGGUGCUUCCCUUUCACUGAAGUGAAUACAUGG,80.24098791250863,6.745651673848188,,,3' UTR
SNCA_1430_Asymmetric_2'-OMe/-F,SNCA,NM_000345,CGGUGCUUCCCUUUCACUGA,CCCCACUCAGCAUUUCGGUGCUUCCCUUUCACUGAAGUGAAUACAUGGUA,71.79288324183297,12.217364666576243,,,3' UTR
SNCA_1433_Asymmetric_2'-OMe/-F,SNCA,NM_000345,UGCUUCCCUUUCACUGAAGU,CACUCAGCAUUUCGGUGCUUCCCUUUCACUGAAGUGAAUACAUGGUAGCA,82.37246882111974,11.484079988055585,,,3' UTR
SNCA_1439_Asymmetric_2'-OMe/-F,SNCA,NM_000345,CCUUUCACUGAAGUGAAUAC,GCAUUUCGGUGCUUCCCUUUCACUGAAGUGAAUACAUGGUAGCAGGGUCU,71.13012387838523,3.88699167999156,,,3' UTR
SNCA_1441_Asymmetric_2'-OMe/-F,SNCA,NM_000345,UUUCACUGAAGUGAAUACAU,AUUUCGGUGCUUCCCUUUCACUGAAGUGAAUACAUGGUAGCAGGGUCUUU,67.17419615903276,1.2328437731276747,,,3' UTR
SNCA_1443_Asymmetric_2'-OMe/-F,SNCA,NM_000345,UCACUGAAGUGAAUACAUGG,UUCGGUGCUUCCCUUUCACUGAAGUGAAUACAUGGUAGCAGGGUCUUUGU,47.6122808144434,1.0010986029307236,,,3' UTR
SNCA_1445_Asymmetric_2'-OMe/-F,SNCA,NM_000345,ACUGAAGUGAAUACAUGGUA,CGGUGCUUCCCUUUCACUGAAGUGAAUACAUGGUAGCAGGGUCUUUGUGU,63.82821515609584,10.296026986011718,,,3' UTR
SNCA_1447_Asymmetric_2'-OMe/-F,SNCA,NM_000345,UGAAGUGAAUACAUGGUAGC,GUGCUUCCCUUUCACUGAAGUGAAUACAUGGUAGCAGGGUCUUUGUGUGC,64.33228180706453,3.541698185505357,,,3' UTR
SNCA_1449_Asymmetric_2'-OMe/-F,SNCA,NM_000345,AAGUGAAUACAUGGUAGCAG,GCUUCCCUUUCACUGAAGUGAAUACAUGGUAGCAGGGUCUUUGUGUGCUG,98.13226065239104,10.430725448617103,,,3' UTR
SNCA_1451_Asymmetric_2'-OMe/-F,SNCA,NM_000345,GUGAAUACAUGGUAGCAGGG,UUCCCUUUCACUGAAGUGAAUACAUGGUAGCAGGGUCUUUGUGUGCUGUG,96.24678523281243,25.717491773001395,,,3' UTR
SNCA_1453_Asymmetric_2'-OMe/-F,SNCA,NM_000345,GAAUACAUGGUAGCAGGGUC,CCCUUUCACUGAAGUGAAUACAUGGUAGCAGGGUCUUUGUGUGCUGUGGA,67.47919293741576,11.665571411057732,,,3' UTR
SNCA_1455_Asymmetric_2'-OMe/-F,SNCA,NM_000345,AUACAUGGUAGCAGGGUCUU,CUUUCACUGAAGUGAAUACAUGGUAGCAGGGUCUUUGUGUGCUGUGGAUU,76.46732311075006,9.586649005119025,,,3' UTR
SNCA_1457_Asymmetric_2'-OMe/-F,SNCA,NM_000345,ACAUGGUAGCAGGGUCUUUG,UUCACUGAAGUGAAUACAUGGUAGCAGGGUCUUUGUGUGCUGUGGAUUUU,124.4866692925761,58.11413825008918,,,3' UTR
SNCA_1459_Asymmetric_2'-OMe/-F,SNCA,NM_000345,AUGGUAGCAGGGUCUUUGUG,CACUGAAGUGAAUACAUGGUAGCAGGGUCUUUGUGUGCUGUGGAUUUUGU,91.76425177453653,13.796227393667502,,,3' UTR
SNCA_1461_Asymmetric_2'-OMe/-F,SNCA,NM_000345,GGUAGCAGGGUCUUUGUGUG,CUGAAGUGAAUACAUGGUAGCAGGGUCUUUGUGUGCUGUGGAUUUUGUGG,45.3643817633278,12.231161732075112,,,3' UTR
SNCA_1463_Asymmetric_2'-OMe/-F,SNCA,NM_000345,UAGCAGGGUCUUUGUGUGCU,GAAGUGAAUACAUGGUAGCAGGGUCUUUGUGUGCUGUGGAUUUUGUGGCU,66.56746928267474,8.479794033675692,,,3' UTR
SNCA_1465_Asymmetric_2'-OMe/-F,SNCA,NM_000345,GCAGGGUCUUUGUGUGCUGU,AGUGAAUACAUGGUAGCAGGGUCUUUGUGUGCUGUGGAUUUUGUGGCUUC,48.67130500310183,6.261138365051112,,,3' UTR
SNCA_1467_Asymmetric_2'-OMe/-F,SNCA,NM_000345,AGGGUCUUUGUGUGCUGUGG,UGAAUACAUGGUAGCAGGGUCUUUGUGUGCUGUGGAUUUUGUGGCUUCAA,49.08065533935593,12.81824975427757,,,3' UTR
SNCA_1472_Asymmetric_2'-OMe/-F,SNCA,NM_000345,CUUUGUGUGCUGUGGAUUUU,ACAUGGUAGCAGGGUCUUUGUGUGCUGUGGAUUUUGUGGCUUCAAUCUAC,63.431349838148606,11.600575090975768,,,3' UTR
SNCA_1474_Asymmetric_2'-OMe/-F,SNCA,NM_000345,UUGUGUGCUGUGGAUUUUGU,AUGGUAGCAGGGUCUUUGUGUGCUGUGGAUUUUGUGGCUUCAAUCUACGA,75.97221849536953,7.390389180679433,,,3' UTR
SNCA_1475_Asymmetric_2'-OMe/-F,SNCA,NM_000345,UGUGUGCUGUGGAUUUUGUG,UGGUAGCAGGGUCUUUGUGUGCUGUGGAUUUUGUGGCUUCAAUCUACGAU,40.558748476456564,4.831082610602668,27.8623650606814,12.0290675589477,Original
SNCA_1477_Asymmetric_2'-OMe/-F,SNCA,NM_000345,UGUGCUGUGGAUUUUGUGGC,GUAGCAGGGUCUUUGUGUGCUGUGGAUUUUGUGGCUUCAAUCUACGAUGU,52.17614567743423,18.493775969923814,,,3' UTR
SNCA_1479_Asymmetric_2'-OMe/-F,SNCA,NM_000345,UGCUGUGGAUUUUGUGGCUU,AGCAGGGUCUUUGUGUGCUGUGGAUUUUGUGGCUUCAAUCUACGAUGUUA,51.633412420541134,2.8967309879160656,,,3' UTR
SNCA_1483_Asymmetric_2'-OMe/-F,SNCA,NM_000345,GUGGAUUUUGUGGCUUCAAU,GGGUCUUUGUGUGCUGUGGAUUUUGUGGCUUCAAUCUACGAUGUUAAAAC,46.76444324172697,4.116661300717246,,,Walk
SNCA_1484_Asymmetric_2'-OMe/-F,SNCA,NM_000345,UGGAUUUUGUGGCUUCAAUC,GGUCUUUGUGUGCUGUGGAUUUUGUGGCUUCAAUCUACGAUGUUAAAACA,33.3577215311208,0.7478832789900655,,,3' UTR
SNCA_1485_Asymmetric_2'-OMe/-F,SNCA,NM_000345,GGAUUUUGUGGCUUCAAUCU,GUCUUUGUGUGCUGUGGAUUUUGUGGCUUCAAUCUACGAUGUUAAAACAA,60.64166322727107,8.161092603741666,,,Walk
SNCA_1487_Asymmetric_2'-OMe/-F,SNCA,NM_000345,AUUUUGUGGCUUCAAUCUAC,CUUUGUGUGCUGUGGAUUUUGUGGCUUCAAUCUACGAUGUUAAAACAAAU,49.7480648023787,5.940997701252903,,,Walk
SNCA_1489_Asymmetric_2'-OMe/-F,SNCA,NM_000345,UUUGUGGCUUCAAUCUACGA,UUGUGUGCUGUGGAUUUUGUGGCUUCAAUCUACGAUGUUAAAACAAAUUA,107.88325534982432,9.116919022183652,,,Walk
SNCA_1490_Asymmetric_2'-OMe/-F,SNCA,NM_000345,UUGUGGCUUCAAUCUACGAU,UGUGUGCUGUGGAUUUUGUGGCUUCAAUCUACGAUGUUAAAACAAAUUAA,40.9875033545291,4.327597367192591,,,3' UTR
SNCA_1491_Asymmetric_2'-OMe/-F,SNCA,NM_000345,UGUGGCUUCAAUCUACGAUG,GUGUGCUGUGGAUUUUGUGGCUUCAAUCUACGAUGUUAAAACAAAUUAAA,20.276246637763467,1.039929009526807,,,Walk
SNCA_1493_Asymmetric_2'-OMe/-F,SNCA,NM_000345,UGGCUUCAAUCUACGAUGUU,GUGCUGUGGAUUUUGUGGCUUCAAUCUACGAUGUUAAAACAAAUUAAAAA,23.758001471343334,1.9553722069439095,,,Walk
SNCA_1494_Asymmetric_2'-OMe/-F,SNCA,NM_000345,GGCUUCAAUCUACGAUGUUA,UGCUGUGGAUUUUGUGGCUUCAAUCUACGAUGUUAAAACAAAUUAAAAAC,28.8509106303356,3.55373832008633,,,3' UTR
SNCA_1495_Asymmetric_2'-OMe/-F,SNCA,NM_000345,GCUUCAAUCUACGAUGUUAA,GCUGUGGAUUUUGUGGCUUCAAUCUACGAUGUUAAAACAAAUUAAAAACA,23.0778817798458,2.8779352556617557,,,Walk
SNCA_1497_Asymmetric_2'-OMe/-F,SNCA,NM_000345,UUCAAUCUACGAUGUUAAAA,UGUGGAUUUUGUGGCUUCAAUCUACGAUGUUAAAACAAAUUAAAAACACC,36.53360868314393,1.899733474474627,,,Walk
SNCA_1498_Asymmetric_2'-OMe/-F,SNCA,NM_000345,UCAAUCUACGAUGUUAAAAC,GUGGAUUUUGUGGCUUCAAUCUACGAUGUUAAAACAAAUUAAAAACACCU,46.27261719000324,6.825227409997595,,,3' UTR
SNCA_1499_Asymmetric_2'-OMe/-F,SNCA,NM_000345,CAAUCUACGAUGUUAAAACA,UGGAUUUUGUGGCUUCAAUCUACGAUGUUAAAACAAAUUAAAAACACCUA,28.782884331057733,2.6598887017061177,,,Walk
SNCA_1501_Asymmetric_2'-OMe/-F,SNCA,NM_000345,AUCUACGAUGUUAAAACAAA,GAUUUUGUGGCUUCAAUCUACGAUGUUAAAACAAAUUAAAAACACCUAAG,47.33403995652706,16.4395209357612,,,Walk
SNCA_1502_Asymmetric_2'-OMe/-F,SNCA,NM_000345,UCUACGAUGUUAAAACAAAU,AUUUUGUGGCUUCAAUCUACGAUGUUAAAACAAAUUAAAAACACCUAAGU,23.332572052314102,6.049479302619099,,,3' UTR
SNCA_1504_Asymmetric_2'-OMe/-F,SNCA,NM_000345,UACGAUGUUAAAACAAAUUA,UUUGUGGCUUCAAUCUACGAUGUUAAAACAAAUUAAAAACACCUAAGUGA,40.49706698124697,7.197010122913721,,,3' UTR
SNCA_1506_Asymmetric_2'-OMe/-F,SNCA,NM_000345,CGAUGUUAAAACAAAUUAAA,UGUGGCUUCAAUCUACGAUGUUAAAACAAAUUAAAAACACCUAAGUGACU,27.160850606483134,6.44823559749921,,,3' UTR
SNCA_1514_Asymmetric_2'-OMe/-F,SNCA,NM_000345,AAACAAAUUAAAAACACCUA,CAAUCUACGAUGUUAAAACAAAUUAAAAACACCUAAGUGACUACCACUUA,62.0712209846837,9.44936632612483,,,3' UTR
SNCA_1516_Asymmetric_2'-OMe/-F,SNCA,NM_000345,ACAAAUUAAAAACACCUAAG,AUCUACGAUGUUAAAACAAAUUAAAAACACCUAAGUGACUACCACUUAUU,48.181143262206604,1.1306681832689616,,,3' UTR
SNCA_1518_Asymmetric_2'-OMe/-F,SNCA,NM_000345,AAAUUAAAAACACCUAAGUG,CUACGAUGUUAAAACAAAUUAAAAACACCUAAGUGACUACCACUUAUUUC,37.39527410372127,7.072277918705915,,,3' UTR
SNCA_1520_Asymmetric_2'-OMe/-F,SNCA,NM_000345,AUUAAAAACACCUAAGUGAC,ACGAUGUUAAAACAAAUUAAAAACACCUAAGUGACUACCACUUAUUUCUA,43.39582814125336,9.18139775478236,,,3' UTR
SNCA_1525_Asymmetric_2'-OMe/-F,SNCA,NM_000345,AAACACCUAAGUGACUACCA,GUUAAAACAAAUUAAAAACACCUAAGUGACUACCACUUAUUUCUAAAUCC,33.1747342135911,1.3415167781353439,,,Walk
SNCA_1527_Asymmetric_2'-OMe/-F,SNCA,NM_000345,ACACCUAAGUGACUACCACU,UAAAACAAAUUAAAAACACCUAAGUGACUACCACUUAUUUCUAAAUCCUC,21.989463606082733,1.7818646904765723,,,Walk
SNCA_1529_Asymmetric_2'-OMe/-F,SNCA,NM_000345,ACCUAAGUGACUACCACUUA,AAACAAAUUAAAAACACCUAAGUGACUACCACUUAUUUCUAAAUCCUCAC,34.3915875324683,2.507951124185289,,,Walk
SNCA_1530_Asymmetric_2'-OMe/-F,SNCA,NM_000345,CCUAAGUGACUACCACUUAU,AACAAAUUAAAAACACCUAAGUGACUACCACUUAUUUCUAAAUCCUCACU,88.80539020718557,1.324165538499427,89.83235254705306,19.328001319997625,Original
SNCA_1531_Asymmetric_2'-OMe/-F,SNCA,NM_000345,CUAAGUGACUACCACUUAUU,ACAAAUUAAAAACACCUAAGUGACUACCACUUAUUUCUAAAUCCUCACUA,49.655600485823804,7.719149313850194,,,Walk
SNCA_1533_Asymmetric_2'-OMe/-F,SNCA,NM_000345,AAGUGACUACCACUUAUUUC,AAAUUAAAAACACCUAAGUGACUACCACUUAUUUCUAAAUCCUCACUAUU,34.69590763545867,6.561514147865059,,,Walk
SNCA_1535_Asymmetric_2'-OMe/-F,SNCA,NM_000345,GUGACUACCACUUAUUUCUA,AUUAAAAACACCUAAGUGACUACCACUUAUUUCUAAAUCCUCACUAUUUU,18.958124097923047,0.10316262698166032,,,Walk
SNCA_1537_Asymmetric_2'-OMe/-F,SNCA,NM_000345,GACUACCACUUAUUUCUAAA,UAAAAACACCUAAGUGACUACCACUUAUUUCUAAAUCCUCACUAUUUUUU,24.323071891218902,0.8290197743480601,,,Walk
SNCA_1539_Asymmetric_2'-OMe/-F,SNCA,NM_000345,CUACCACUUAUUUCUAAAUC,AAAACACCUAAGUGACUACCACUUAUUUCUAAAUCCUCACUAUUUUUUUG,33.76954318538133,6.260315362888643,,,Walk
SNCA_1543_Asymmetric_2'-OMe/-F,SNCA,NM_000345,CACUUAUUUCUAAAUCCUCA,CACCUAAGUGACUACCACUUAUUUCUAAAUCCUCACUAUUUUUUUGUUGC,23.211735693648535,1.5134120117502936,,,Walk
SNCA_1545_Asymmetric_2'-OMe/-F,SNCA,NM_000345,CUUAUUUCUAAAUCCUCACU,CCUAAGUGACUACCACUUAUUUCUAAAUCCUCACUAUUUUUUUGUUGCUG,55.516018263747036,0.7390051002821089,,,Walk
SNCA_1576_Asymmetric_2'-OMe/-F,SNCA,NM_000345,GCUGUUGUUCAGAAGUUGUU,CACUAUUUUUUUGUUGCUGUUGUUCAGAAGUUGUUAGUGAUUUGCUAUCA,29.694625660779764,2.499868636627702,,,Walk
SNCA_1578_Asymmetric_2'-OMe/-F,SNCA,NM_000345,UGUUGUUCAGAAGUUGUUAG,CUAUUUUUUUGUUGCUGUUGUUCAGAAGUUGUUAGUGAUUUGCUAUCAUA,25.492555604741767,2.744392792049155,,,Walk
SNCA_1580_Asymmetric_2'-OMe/-F,SNCA,NM_000345,UUGUUCAGAAGUUGUUAGUG,AUUUUUUUGUUGCUGUUGUUCAGAAGUUGUUAGUGAUUUGCUAUCAUAUA,22.724726909685202,2.0892603440074873,,,Walk
SNCA_1582_Asymmetric_2'-OMe/-F,SNCA,NM_000345,GUUCAGAAGUUGUUAGUGAU,UUUUUUGUUGCUGUUGUUCAGAAGUUGUUAGUGAUUUGCUAUCAUAUAUU,31.722555900204767,6.8231744224918724,,,Walk
SNCA_1584_Asymmetric_2'-OMe/-F,SNCA,NM_000345,UCAGAAGUUGUUAGUGAUUU,UUUUGUUGCUGUUGUUCAGAAGUUGUUAGUGAUUUGCUAUCAUAUAUUAU,33.846516369568896,4.272191108082166,,,Walk
SNCA_1586_Asymmetric_2'-OMe/-F,SNCA,NM_000345,AGAAGUUGUUAGUGAUUUGC,UUGUUGCUGUUGUUCAGAAGUUGUUAGUGAUUUGCUAUCAUAUAUUAUAA,19.731741754790367,1.6858359532653389,5.39006284357305,2.96159275171606,Original
SNCA_1588_Asymmetric_2'-OMe/-F,SNCA,NM_000345,AAGUUGUUAGUGAUUUGCUA,GUUGCUGUUGUUCAGAAGUUGUUAGUGAUUUGCUAUCAUAUAUUAUAAGA,26.293901598295335,1.6411903626117157,,,Walk
SNCA_1590_Asymmetric_2'-OMe/-F,SNCA,NM_000345,GUUGUUAGUGAUUUGCUAUC,UGCUGUUGUUCAGAAGUUGUUAGUGAUUUGCUAUCAUAUAUUAUAAGAUU,25.6104477341789,0.512362353146324,,,Walk
SNCA_1592_Asymmetric_2'-OMe/-F,SNCA,NM_000345,UGUUAGUGAUUUGCUAUCAU,CUGUUGUUCAGAAGUUGUUAGUGAUUUGCUAUCAUAUAUUAUAAGAUUUU,40.8797694127162,9.127062694073766,,,Walk
SNCA_1594_Asymmetric_2'-OMe/-F,SNCA,NM_000345,UUAGUGAUUUGCUAUCAUAU,GUUGUUCAGAAGUUGUUAGUGAUUUGCUAUCAUAUAUUAUAAGAUUUUUA,43.5426461325013,7.974286228642204,,,Walk
SNCA_1596_Asymmetric_2'-OMe/-F,SNCA,NM_000345,AGUGAUUUGCUAUCAUAUAU,UGUUCAGAAGUUGUUAGUGAUUUGCUAUCAUAUAUUAUAAGAUUUUUAGG,40.0702434893554,7.751233112807793,,,Walk
SNCA_1626_Asymmetric_2'-OMe/-F,SNCA,NM_000345,UUAGGUGUCUUUUAAUGAUA,UAUAUUAUAAGAUUUUUAGGUGUCUUUUAAUGAUACUGUCUAAGAAUAAU,37.8971334356639,1.6186304608798463,,,Walk
SNCA_1628_Asymmetric_2'-OMe/-F,SNCA,NM_000345,AGGUGUCUUUUAAUGAUACU,UAUUAUAAGAUUUUUAGGUGUCUUUUAAUGAUACUGUCUAAGAAUAAUGA,41.99015319832583,3.551370495366598,,,Walk
SNCA_1630_Asymmetric_2'-OMe/-F,SNCA,NM_000345,GUGUCUUUUAAUGAUACUGU,UUAUAAGAUUUUUAGGUGUCUUUUAAUGAUACUGUCUAAGAAUAAUGACG,64.96587059387831,5.409473338233848,,,Walk
SNCA_1632_Asymmetric_2'-OMe/-F,SNCA,NM_000345,GUCUUUUAAUGAUACUGUCU,AUAAGAUUUUUAGGUGUCUUUUAAUGAUACUGUCUAAGAAUAAUGACGUA,65.4061587984258,5.255820613446811,,,Walk
SNCA_1634_Asymmetric_2'-OMe/-F,SNCA,NM_000345,CUUUUAAUGAUACUGUCUAA,AAGAUUUUUAGGUGUCUUUUAAUGAUACUGUCUAAGAAUAAUGACGUAUU,26.99959973471923,1.9783924478217068,,,Walk
SNCA_1636_Asymmetric_2'-OMe/-F,SNCA,NM_000345,UUUAAUGAUACUGUCUAAGA,GAUUUUUAGGUGUCUUUUAAUGAUACUGUCUAAGAAUAAUGACGUAUUGU,32.084161280632095,3.178126998428004,12.4891107086883,2.60480996137893,Original
SNCA_1638_Asymmetric_2'-OMe/-F,SNCA,NM_000345,UAAUGAUACUGUCUAAGAAU,UUUUUAGGUGUCUUUUAAUGAUACUGUCUAAGAAUAAUGACGUAUUGUGA,57.08673594558257,3.8642877535878153,,,Walk
SNCA_1640_Asymmetric_2'-OMe/-F,SNCA,NM_000345,AUGAUACUGUCUAAGAAUAA,UUUAGGUGUCUUUUAAUGAUACUGUCUAAGAAUAAUGACGUAUUGUGAAA,42.29606216669607,1.0517875514697923,,,Walk
SNCA_1642_Asymmetric_2'-OMe/-F,SNCA,NM_000345,GAUACUGUCUAAGAAUAAUG,UAGGUGUCUUUUAAUGAUACUGUCUAAGAAUAAUGACGUAUUGUGAAAUU,30.199760347699037,6.121110073966655,,,Walk
SNCA_1644_Asymmetric_2'-OMe/-F,SNCA,NM_000345,UACUGUCUAAGAAUAAUGAC,GGUGUCUUUUAAUGAUACUGUCUAAGAAUAAUGACGUAUUGUGAAAUUUG,48.85434130647544,7.160115363001856,,,Walk
SNCA_1646_Asymmetric_2'-OMe/-F,SNCA,NM_000345,CUGUCUAAGAAUAAUGACGU,UGUCUUUUAAUGAUACUGUCUAAGAAUAAUGACGUAUUGUGAAAUUUGUU,22.9139780454156,1.4411476427377548,,,Walk
SNCA_1695_Asymmetric_2'-OMe/-F,SNCA,NM_000345,UUAAAAAUAUGUGAGCAUGA,UAAUAUAUAUAAUACUUAAAAAUAUGUGAGCAUGAAACUAUGCACCUAUA,86.04272937000167,9.47046150377051,,,Walk
SNCA_1697_Asymmetric_2'-OMe/-F,SNCA,NM_000345,AAAAAUAUGUGAGCAUGAAA,AUAUAUAUAAUACUUAAAAAUAUGUGAGCAUGAAACUAUGCACCUAUAAA,23.41447576095723,3.3727662943425245,,,Walk
SNCA_1699_Asymmetric_2'-OMe/-F,SNCA,NM_000345,AAAUAUGUGAGCAUGAAACU,AUAUAUAAUACUUAAAAAUAUGUGAGCAUGAAACUAUGCACCUAUAAAUA,32.696254918167064,1.775398887802519,,,Walk
SNCA_1701_Asymmetric_2'-OMe/-F,SNCA,NM_000345,AUAUGUGAGCAUGAAACUAU,AUAUAAUACUUAAAAAUAUGUGAGCAUGAAACUAUGCACCUAUAAAUACU,49.07217577068294,7.63799732398902,,,Walk
SNCA_1703_Asymmetric_2'-OMe/-F,SNCA,NM_000345,AUGUGAGCAUGAAACUAUGC,AUAAUACUUAAAAAUAUGUGAGCAUGAAACUAUGCACCUAUAAAUACUAA,34.1419415990595,1.5324669032910534,,,Walk
SNCA_1705_Asymmetric_2'-OMe/-F,SNCA,NM_000345,GUGAGCAUGAAACUAUGCAC,AAUACUUAAAAAUAUGUGAGCAUGAAACUAUGCACCUAUAAAUACUAAAU,25.2423952345314,3.082622061209779,,,Walk
SNCA_1707_Asymmetric_2'-OMe/-F,SNCA,NM_000345,GAGCAUGAAACUAUGCACCU,UACUUAAAAAUAUGUGAGCAUGAAACUAUGCACCUAUAAAUACUAAAUAU,35.02896809417417,1.0054465851289796,,,Walk
SNCA_1709_Asymmetric_2'-OMe/-F,SNCA,NM_000345,GCAUGAAACUAUGCACCUAU,CUUAAAAAUAUGUGAGCAUGAAACUAUGCACCUAUAAAUACUAAAUAUGA,34.25327970992927,0.8668316104690409,,,Walk
SNCA_1711_Asymmetric_2'-OMe/-F,SNCA,NM_000345,AUGAAACUAUGCACCUAUAA,UAAAAAUAUGUGAGCAUGAAACUAUGCACCUAUAAAUACUAAAUAUGAAA,55.25354771962293,3.6574482475226295,,,Walk
SNCA_1713_Asymmetric_2'-OMe/-F,SNCA,NM_000345,GAAACUAUGCACCUAUAAAU,AAAAUAUGUGAGCAUGAAACUAUGCACCUAUAAAUACUAAAUAUGAAAUU,24.42508108160723,0.663115868683439,,,Walk
SNCA_1715_Asymmetric_2'-OMe/-F,SNCA,NM_000345,AACUAUGCACCUAUAAAUAC,AAUAUGUGAGCAUGAAACUAUGCACCUAUAAAUACUAAAUAUGAAAUUUU,51.43314779399,11.357200263843142,,,Walk
APP_387_Asymmetric_2'-OMe Rich,APP,NM_000484,ACUGCAGAUCACCAAUGUGG,?GA?GUCUACCCUGAACUGCAGAUCACCAAUGUGGUAGAAGCCAACCAAC,90.58254093228754,12.103693470593651,92.7969172792039,32.189396527187256,Original
APP_480_Asymmetric_2'-OMe Rich,APP,NM_000484,CUUUGUGAUUCCCUACCGCU,CAAGACCCAUCCCCACUUUGUGAUUCCCUACCGCUGCUUAGUUGGUGAGU,107.52159935410873,3.7637022716933517,75.02365160521926,7.571862403067107,Original
APP_531_Asymmetric_2'-OMe Rich,APP,NM_000484,UCUCGUUCCUGACAAGUGCA,UGUAAGUGAUGCCCUUCUCGUUCCUGACAAGUGCAAAUUCUUACACCAGG,84.85163798894213,20.23209641175162,59.20793853209526,14.857688375128348,Original
APP_582_Asymmetric_2'-OMe Rich,APP,NM_000484,CGAAACUCAUCUUCACUGGC,GAGGAUGGAUGUUUGCGAAACUCAUCUUCACUGGCACACCGUCGCCAAAG,115.63127344867557,22.7317470745375,85.06246647930506,11.646919623349408,Original
APP_729_Asymmetric_2'-OMe Rich,APP,NM_000484,UGACAAUGUGGAUUCUGCUG,ACUGGCUGAAGAAAGUGACAAUGUGGAUUCUGCUGAUGCGGAGGAGGAUG,85.45767905528108,4.804574151289429,100.68369614522094,14.1472018105149,Original
APP_814_Asymmetric_2'-OMe Rich,APP,NM_000484,GAAGACAAAGUAGUAGAAGU,UAUGCAGAUGGGAGUGAAGACAAAGUAGUAGAAGUAGCAGAGGAGGAAGA,61.61856685065944,0.9458716749272797,62.01415810687677,24.63322863120733,Original
APP_905_Asymmetric_2'-OMe Rich,APP,NM_000484,AUGAGGUAGAGGAAGAGGCU,ACGAUGAGGAUGGUGAUGAGGUAGAGGAAGAGGCUGAGGAACCCUACGAA,89.64241860745852,10.937212542697823,55.871648139365995,17.827863918145205,Original
APP_1363_Asymmetric_2'-OMe Rich,APP,NM_000484,AGAAUGUCCCAGGUCAUGAG,GCCAAGCACCGAGAGAGAAUGUCCCAGGUCAUGAGAGAAUGGGAAGAGGC,91.77719787670672,3.4386230575278374,91.261797191002,30.394561942152485,Original
APP_1419_Asymmetric_2'-OMe Rich,APP,NM_000484,GCCUAAAGCUGAUAAGAAGG,UCAAGCAAAGAACUUGCCUAAAGCUGAUAAGAAGGCAGUUAUCCAGCAUU,82.78163029554206,15.781206774374915,78.07344657165943,3.657121162263524,Original
APP_1477_Asymmetric_2'-OMe Rich,APP,NM_000484,GAACAGGAAGCAGCCAACGA,AAAGUGGAAUCUUUGGAACAGGAAGCAGCCAACGAGAGACAGCAGCUGGU,96.95524370366097,13.909634900849465,92.28986573443149,9.522656591490303,Original
APP_1621_Asymmetric_2'-OMe Rich,APP,NM_000484,UUCAAUAUGCUAAAGAAGUA,CGGCCUCGUCACGUGUUCAAUAUGCUAAAGAAGUAUGUCCGCGCAGAACA,81.31189155619715,8.381893851156123,43.947971681646834,17.55875389888146,Original
APP_1677_Asymmetric_2'-OMe Rich,APP,NM_000484,AAAGCAUUUCGAGCAUGUGC,CAGACAGCACACCCUAAAGCAUUUCGAGCAUGUGCGCAUGGUGGAUCCCA,83.97010626448983,11.261017860511243,76.41695672393683,21.390280922782452,Original
APP_1754_Asymmetric_2'-OMe Rich,APP,NM_000484,GUGUGAUUUAUGAGCGCAUG,UUAUGACACACCUCCGUGUGAUUUAUGAGCGCAUGAAUCAGUCUCUCUCC,85.40956243983429,31.656928459989217,70.34364594836568,21.084362540983065,Original
APP_1885_Asymmetric_2'-OMe Rich,APP,NM_000484,AACAUGAUUAGUGAACCAAG,GAUGACGUCUUGGCCAACAUGAUUAGUGAACCAAGGAUCAGUUACGGAAA,97.72365054070832,16.75781197362494,38.823309797297966,7.721486923758617,Original
APP_1935_Asymmetric_2'-OMe Rich,APP,NM_000484,AUCUUUGACCGAAACGAAAA,CGAUGCUCUCAUGCCAUCUUUGACCGAAACGAAAACCACCGUGGAGCUCC,92.89925894761613,16.91041483279054,59.03103942339936,8.717568441255674,Original
APP_2039_Asymmetric_2'-OMe Rich,APP,NM_000484,CAGCCAACACAGAAAACGAA,GGGCUGACUCUGUGCCAGCCAACACAGAAAACGAAG?U???????U????,94.29040366117935,7.923991022713403,68.96462253719233,8.599084982429938,Original
APP_2135_Asymmetric_2'-OMe Rich,APP,NM_000484,AGACGGAGGAGAUCUCUGAA,GGUUGACAAAUAUCAAGACGGAGGAGAUCUCUGAAGUGAAGAUGGAUGCA,97.59561879619525,30.553342017119704,59.72031652644307,4.8218222490996006,Original
APP_2185_Asymmetric_2'-OMe Rich,APP,NM_000484,UCAGGAUAUGAAGUUCAUCA,GAAUUCCGACAUGACUCAGGAUAUGAAGUUCAUCAUCAAAAAUUGGUGUU,98.18163668792556,7.200729346461956,49.01712830977197,16.141236055089273,Original
APP_2238_Asymmetric_2'-OMe Rich,APP,NM_000484,UUCAAACAAAGGUGCAAUCA,UGCAGAAGAUGUGGGUUCAAACAAAGGUGCAAUCAUUGGACUCAUGGUGG,110.28179564821734,2.772898791297843,106.59785888839615,10.922081509656854,Original
APP_2404_Asymmetric_2'-OMe Rich,APP,NM_000484,AUGCAGCAGAACGGCUACGA,CGCCACCUGUCCAAGAUGCAGCAGAACGGCUACGAAAAUCCAACCUACAA,84.31473656442161,1.7792786888685916,72.21644732972743,14.640587987802864,Original
APP_2478_Asymmetric_2'-OMe Rich,APP,NM_000484,AGCCUCUGAAGUUGGACAGC,GACCCCCGCCACAGCAGCCUCUGAAGUUGGACAGCAAAACCAUUGCUUCA,29.633280072759344,2.6045137985439686,58.47502838667666,3.9133740933801406,Original
APP_2528_Asymmetric_2'-OMe Rich,APP,NM_000484,CAUUUAUAGAAUAAUGUGGG,CUACCCAUCGGUGUCCAUUUAUAGAAUAAUGUGGGAAGAAACAAACCCGU,66.09889449970073,9.594569698818056,67.21081181056684,3.6400001295662974,Original
APP_2579_Asymmetric_2'-OMe Rich,APP,NM_000484,UAUCGCCUUUUGACAGCUGU,UUAUGAUUUACUCAUUAUCGCCUUUUGACAGCUGUGCUGUAACACAAGUA,16.73282625330724,6.712922840535194,57.3337891471424,3.4872536450016747,Original
APP_2630_Asymmetric_2'-OMe Rich,APP,NM_000484,UUAAUCCACACAUCAGUAAU,AUGCCUGAACUUGAAUUAAUCCACACAUCAGUAAUGUAUUCUAUCUCUCU,21.242919603958253,2.492247750706583,32.451831752682466,6.2655247699488115,Original
APP_2682_Asymmetric_2'-OMe Rich,APP,NM_000484,UACUACAUUAUUAAUGGGUU,ACAUUUUGGUCUCUAUACUACAUUAUUAAUGGGUUUUGUGUACUGUAAAG,27.372065042660438,1.792066934215645,46.59556879495663,6.707805804941811,Original
APP_2735_Asymmetric_2'-OMe Rich,APP,NM_000484,UAGUGCAUGAAUAGAUUCUC,UUAGCUGUAUCAAACUAGUGCAUGAAUAGAUUCUCUCCUGAUUAUUUAUC,11.978297488720228,1.1565126662782959,7.136742475610743,0.9673048547308017,Original
APP_2802_Asymmetric_2'-OMe Rich,APP,NM_000484,UGUGGUUUGUGACCCAAUUA,GUUGUAUAUUAUUCUUGUGGUUUGUGACCCAAUUAAGUCCUACUUUACAU,55.4200639223071,4.156381419774674,65.9780730333634,11.39946029734783,Original
APP_2874_Asymmetric_2'-OMe Rich,APP,NM_000484,GUGGGAGUUCAGCUGCUUCU,AUGCUUCAUGUGAACGUGGGAGUUCAGCUGCUUCUCUUGCCUAAGUAUUC,29.93984841594835,1.2404830355584504,47.62333173227656,6.5900678952008045,Original
APP_2930_Asymmetric_2'-OMe Rich,APP,NM_000484,UUAAAGUUAAACAUUUUUAA,UGAUCACUAUGCAUUUUAAAGUUAAACAUUUUUAAGUAUUUCAGAUGCUU,55.76181431064455,19.87810733125312,55.40009687990246,7.636016897763125,Original
APP_2989_Asymmetric_2'-OMe Rich,APP,NM_000484,GCAUUUUACUGUACAGAUUG,UUUUUUUCCAUGACUGCAUUUUACUGUACAGAUUGCUGCUUCUGCUAUAU,46.42473619286685,4.161500242527517,28.883511384479306,4.010248337528073,Original
APP_3041_Asymmetric_2'-OMe Rich,APP,NM_000484,AGAGGAUACACACGUUUGUU,GUGAUAUAGGAAUUAAGAGGAUACACACGUUUGUUUCUUCGUGCCUGUUU,23.412428500694862,0.9943160313414455,40.153348448655265,4.1820084880523565,Original
APP_3093_Asymmetric_2'-OMe Rich,APP,NM_000484,CAUUGAGACUUCAAGCUUUU,UGUGCACACAUUAGGCAUUGAGACUUCAAGCUUUUCUUUUUUUGUCCACG,17.905193915479646,1.3245243462096596,13.654678845843899,1.163895233565876,Original
APP_3145_Asymmetric_2'-OMe Rich,APP,NM_000484,UAAAGAAAAGAAUCCCUGUU,UCUUUGGGUCUUUGAUAAAGAAAAGAAUCCCUGUUCAUUGUAAGCACUUU,31.725823815244258,1.3104603147505054,52.68147977220337,2.5537570244764956,Original
APP_3228_Asymmetric_2'-OMe Rich,APP,NM_000484,AUUCUCCAAAACAAUUUUCU,CUUCAAUUACCAAGAAUUCUCCAAAACAAUUUUCUGCAGGAUGAUUGUAC,17.724919734789697,1.9040272292159979,33.343971725046266,1.7447573381264032,Original
APP_3281_Asymmetric_2'-OMe Rich,APP,NM_000484,AUGAUCGCUUUCUACACUGU,AUCAUUGCUUAUGACAUGAUCGCUUUCUACACUGUAUUACAUAAAUAAAU,20.718149455998326,0.8121881768997883,37.062853975214175,5.883215271256135,Original
APP_3299_Asymmetric_2'-OMe Rich,APP,NM_000484,GUAUUACAUAAAUAAAUUAA,AUCGCUUUCUACACUGUAUUACAUAAAUAAAUUAAAUAAAAUAACCCCGG,102.59978765685507,6.358303629244137,,,Original
BACE1_1013_Asymmetric_2'-OMe Rich,BACE1,NM_012104,ACAUUGCUGCCAUCACUGAA,UCACUGUGCGUGCCAACAUUGCUGCCAUCACUGAAUCAGACAAGUUCUUC,88.60374456861655,7.816929816962988,116.60429858868629,63.52735698026329,Original
BACE1_1229_Asymmetric_2'-OMe Rich,BACE1,NM_012104,UCGGAGGGAGCAUGAUCAUU,AAGUGCUGGCCUCUGUCGGAGGGAGCAUGAUCAUUGGAGGUAUCGACCAC,60.989036464478126,4.250842826562248,50.675877982404224,1.3720086485103709,Original
BACE1_1304_Asymmetric_2'-OMe Rich,BACE1,NM_012104,GGGAGUGGUAUUAUGAGGUG,AUACACCCAUCCGGCGGGAGUGGUAUUAUGAGGUGAUCAUUGUGCGGGUG,60.0941258985444,2.0848445236124293,25.936913167360768,5.229479953934432,Original
BACE1_1361_Asymmetric_2'-OMe Rich,BACE1,NM_012104,AAAUGGACUGCAAGGAGUAC,AUGGACAGGAUCUGAAAAUGGACUGCAAGGAGUACAACUAUGACAAGAGC,85.15144205690716,6.288297548582317,72.08203795355864,15.94119044792394,Original
BACE1_1426_Asymmetric_2'-OMe Rich,BACE1,NM_012104,UUGCCCAAGAAAGUGUUUGA,ACCACCAACCUUCGUUUGCCCAAGAAAGUGUUUGAAGCUGCAGUCAAAUC,34.24950247853425,10.085677052179802,27.4385864714526,10.161793951636962,Original
BACE1_1496_Asymmetric_2'-OMe Rich,BACE1,NM_012104,AUGGUUUCUGGCUAGGAGAG,CGGAGAAGUUCCCUGAUGGUUUCUGGCUAGGAGAGCAGCUGGUGUGCUGG,70.76471554184451,12.051969090504123,95.22327368704121,5.509784332964462,Original
BACE1_1591_Asymmetric_2'-OMe Rich,BACE1,NM_012104,GUUACCAACCAGUCCUUCCG,UACCUAAUGGGUGAGGUUACCAACCAGUCCUUCCGCAUCACCAUCCUUCC,51.831741438824984,8.107501712293143,81.67245376024117,2.9678533743317925,Original
BACE1_1687_Asymmetric_2'-OMe Rich,BACE1,NM_012104,GCCAUCUCACAGUCAUCCAC,GACUGUUACAAGUUUGCCAUCUCACAGUCAUCCACGGGCACUGUUAUGGG,62.44851018415546,1.1446918965710433,78.86142187801308,22.082440839959528,Original
BACE1_1755_Asymmetric_2'-OMe Rich,BACE1,NM_012104,UGAUCGGGCCCGAAAACGAA,CUUCUACGUUGUCUUUGAUCGGGCCCGAAAACGAAUUGGCUUUGCUGUCA,74.56989676529066,1.9645895594361151,84.06001486708347,4.333336010579785,Original
BACE1_1846_Asymmetric_2'-OMe Rich,BACE1,NM_012104,ACCUUGGACAUGGAAGACUG,GAAGGCCCUUUUGUCACCUUGGACAUGGAAGACUGUGGCUACAACAUUCC,65.48913769373395,6.296652133203664,80.50363820660567,23.050674586816214,Original
BACE1_1901_Asymmetric_2'-OMe Rich,BACE1,NM_012104,UCAUGACCAUAGCCUAUGUC,CAGAUGAGUCAACCCUCAUGACCAUAGCCUAUGUCAUGGCUGCCAUCUGC,83.87175091641309,7.57773840540734,111.6405898337069,16.307918860431574,Original
BACE1_2027_Asymmetric_2'-OMe Rich,BACE1,NM_012104,UCUCCCUGCUGAAGUGAGGA,ACUUUGCUGAUGACAUCUCCCUGCUGAAGUGAGGAGGCCCAUGGGCAGAA,57.02944854805975,4.467783570736224,48.1124481497051,6.071996830236585,Original
BACE1_2179_Asymmetric_2'-OMe Rich,BACE1,NM_012104,CUUGAUGGAGAAGGAAAAGG,ACCAAAUGCCUCUGCCUUGAUGGAGAAGGAAAAGGCUGGCAAGGUGGGUU,67.01174245036181,14.758508825032594,94.63201413893711,6.075229002851127,Original
BACE1_2326_Asymmetric_2'-OMe Rich,BACE1,NM_012104,AGCCCUGAACCUUUGUCCAC,GCUGCUUGAAACUUCAGCCCUGAACCUUUGUCCACCAUUCCUUUAAAUUC,37.02350577121518,0.8204356379496064,56.68170910663432,2.941808835134281,Original
BACE1_2469_Asymmetric_2'-OMe Rich,BACE1,NM_012104,GUUUCCCUGCUGGCCAAAGU,GAAGAGACCAAGCUUGUUUCCCUGCUGGCCAAAGUCAGUAGGAGAGGAUG,64.01215660748697,3.4234752209304222,65.4580722713974,35.03137548220865,Original
BACE1_2579_Asymmetric_2'-OMe Rich,BACE1,NM_012104,UUAAAAAAAAAAACUAGAUU,AGAUUGCCUCUUGAAUUAAAAAAAAAAACUAGAUUGACUAUUUAUACAAA,76.68535432716227,33.50773431241522,102.27323024623969,25.177143103198464,Original
BACE1_2711_Asymmetric_2'-OMe Rich,BACE1,NM_012104,CUAGUUUUAGACCUCAUCUC,AACCACUCACCAGUCCUAGUUUUAGACCUCAUCUCCAAGAUAGCAUCCCA,71.76596500581694,8.3343511089627,45.413280587460065,1.29706141294877,Original
BACE1_2820_Asymmetric_2'-OMe Rich,BACE1,NM_012104,GCUUAUCUAGCCAAAGAGCU,AGUGAGAUGGGAAGGGCUUAUCUAGCCAAAGAGCUCUUUUUUAGCUCUCU,92.0589145033506,9.985889104890918,57.337786017643,4.869598939577686,Original
BACE1_2926_Asymmetric_2'-OMe Rich,BACE1,NM_012104,CUGAACCACCCUUUAUUCUA,UUUCAUUGUCUCUAUCUGAACCACCCUUUAUUCUACAUAUGAUAGGCAGC,71.44533118540564,10.554271513905555,74.49776360327546,19.68762453241235,Original
BACE1_3107_Asymmetric_2'-OMe Rich,BACE1,NM_012104,AAUAGGUAGGAGACCUCUUC,CAAGGUGCUAAAAGGAAUAGGUAGGAGACCUCUUCUAUCUAAUCCUUAAA,102.95934579987045,26.72832543530611,86.90189586767752,6.544460427541333,Original
BACE1_3226_Asymmetric_2'-OMe Rich,BACE1,NM_012104,AGAUCUUUACAUAAUUCAGA,CUAUAAGAAGUAGCAAGAUCUUUACAUAAUUCAGAGUGGUUUCAUUGCCU,79.46798990169938,11.745958313593592,48.366010887523124,7.86641155194998,Original
BACE1_3344_Asymmetric_2'-OMe Rich,BACE1,NM_012104,UACAGUGCUUUAUGGCUCUA,CAAGAGUAUGAGAAAUACAGUGCUUUAUGGCUCUAACAUUACUGCCUUCA,73.03141707878201,10.471441569565233,74.498582867371,19.154504053549537,Original
BACE1_3545_Asymmetric_2'-OMe Rich,BACE1,NM_012104,ACCAAGUUCAUUACCUCCCU,GGCUAGGUAGUGGGGACCAAGUUCAUUACCUCCCUAUCAGUUCUAGCAUA,90.49190002596076,9.064402687777122,73.39907647371338,5.248676225023059,Original
BACE1_3669_Asymmetric_2'-OMe Rich,BACE1,NM_012104,CCAGGUAUGGGACCUGCUAA,GUCAACCCGCUGCUUCCAGGUAUGGGACCUGCUAAGUGUGGAAUUACCUG,97.87806111358249,12.15194198000536,85.15894401390584,5.957583697340092,Original
BACE1_3768_Asymmetric_2'-OMe Rich,BACE1,NM_012104,CCAUAAACCAAUAAAACAAG,CCAGCUGCCCACAAGCCAUAAACCAAUAAAACAAGAAUACUGAGUCAGUU,67.15698712399718,4.894067108518291,71.70545177547304,9.520873039160872,Original
BACE1_3777_Asymmetric_2'-OMe Rich,BACE1,NM_012104,AAUAAAACAAGAAUACUGAG,CACAAGCCAUAAACCAAUAAAACAAGAAUACUGAGUCAGUUUUUUAUCUG,69.47900387941263,12.65960376926771,64.68733610753902,15.626132134201539,Original
MAPT_185_Asymmetric_2'-OMe Rich,MAPT,NM_001123066,AAGAUCACGCUGGGACGUAC,AGUUCGAAGUGAUGGAAGAUCACGCUGGGACGUACGGGUUGGGGGACAGG,134.25896112265957,13.592170493100825,60.116480551757434,29.50161452635883,Original
MAPT_1312_Asymmetric_2'-OMe Rich,MAPT,NM_001123066,AGCGAUGACAAAAAAGCCAA,AAAGACGGGACUGGAAGCGAUGACAAAAAAGCCAAG????C?????GU??,105.72741634318514,23.53774140272312,63.99243378407087,21.695663548123584,Original
MAPT_1943_Asymmetric_2'-OMe Rich,MAPT,NM_001123066,CUGAGAACCUGAAGCACCAG,CCAAGAUCGGCUCCACUGAGAACCUGAAGCACCAGCCGGGAGGCGGGAAG,121.2504759987941,23.448217212974683,89.8908480463117,16.49297417976044,Original
MAPT_2085_Asymmetric_2'-OMe Rich,MAPT,NM_001123066,CAAACCAGUUGACCUGAGCA,?GUGCAAAUAGUCUACAAACCAGUUGACCUGAGCAAGGUGACCUCCAAGU,110.64403270048723,27.03819934568216,74.0915629253361,18.95917747424895,Original
MAPT_2142_Asymmetric_2'-OMe Rich,MAPT,NM_001123066,UCAUAAACCAGGAGGUGGCC,AUUAGGCAACAUCCAUCAUAAACCAGGAGGUGGCCAGGUGGAAGUAAAAU,95.7647204865873,24.46060907567764,69.12011289381374,13.284221548148476,Original
MAPT_2206_Asymmetric_2'-OMe Rich,MAPT,NM_001123066,CAGUCGAAGAUUGGGUCCCU,UUCAAGGACAGAGUCCAGUCGAAGAUUGGGUCCCUGGACAAUAUCACCCA,59.599592400791664,2.9964174912119628,81.95751918631187,32.752013694190424,Original
MAPT_2245_Asymmetric_2'-OMe Rich,MAPT,NM_001123066,CCUGGCGGAGGAAAUAAAAA,AAUAUCACCCACGUCCCUGGCGGAGGAAAUAAAAAGAUUGAAACCCACAA,94.47411296263857,4.673423466826103,128.24077977468866,15.033165728680423,Original
MAPT_2256_Asymmetric_2'-OMe Rich,MAPT,NM_001123066,AAAUAAAAAGAUUGAAACCC,CGUCCCUGGCGGAGGAAAUAAAAAGAUUGAAACCCACAAGCUGACCUUCC,115.32340011382401,5.3741205254250595,136.120305790696,31.81305184785255,Original
MAPT_2271_Asymmetric_2'-OMe Rich,MAPT,NM_001123066,AACCCACAAGCUGACCUUCC,AAAUAAAAAGAUUGAAACCCACAAGCUGACCUUCCGCGAGAACGCCAAAG,82.27682925977223,6.726483798324612,97.61830819608457,8.786246781179774,Original
MAPT_2494_Asymmetric_2'-OMe Rich,MAPT,NM_001123066,GGCGGUCAAUAAUUGUGGAG,UGAUCAGGCCCCUGGGGCGGUCAAUAAUUGUGGAGAGGAGAGAAUGAGAG,71.78016491605557,7.325979280063191,73.31667665271453,45.747014068618064,Original
MAPT_2586_Asymmetric_2'-OMe Rich,MAPT,NM_001123066,UCGCAGUUCGGUUAAUUGGU,GCCCCCAGCUGCUCCUCGCAGUUCGGUUAAUUGGUUAAUCACUUAACCUG,87.91352476742985,10.904510523400022,45.58068279918246,7.005856161712443,Original
MAPT_2647_Asymmetric_2'-OMe Rich,MAPT,NM_001123066,ACUUCAAAAUCAGUGAUGGG,CGGCUUUGGCUCGGGACUUCAAAAUCAGUGAUGGGAGUAAGAGCAAAUUU,116.10021221476781,3.004338672081348,105.2326379313251,26.38154414287551,Original
MAPT_2699_Asymmetric_2'-OMe Rich,MAPT,NM_001123066,GGGUGGGCUAGUAAUAAAAU,UCUUUCCAAAUUGAUGGGUGGGCUAGUAAUAAAAUAUUUAAAAAAAAACA,83.53287774864957,18.151056866159365,95.65183911658323,36.975767444954926,Original
MAPT_2701_Asymmetric_2'-OMe Rich,MAPT,NM_001123066,GUGGGCUAGUAAUAAAAUAU,UUUCCAAAUUGAUGGGUGGGCUAGUAAUAAAAUAUUUAAAAAAAAACAUU,91.77315564609951,3.3698866990985925,64.24668814883857,12.542845597821218,Original
MAPT_2929_Asymmetric_2'-OMe Rich,MAPT,NM_001123066,GAAACUUGGUGUGUUCGUGG,AGCAACAAAGGAUUUGAAACUUGGUGUGUUCGUGGAGCCACAGGCAGACG,55.129703679949195,13.312786638010278,27.458956066280535,11.119159036584616,Original
MAPT_3239_Asymmetric_2'-OMe Rich,MAPT,NM_001123066,AGGGACAGCGGGUAAAAAGA,GCAGCCUGUGGGAGAAGGGACAGCGGGUAAAAAGAGAAGGCAAGCUGGCA,64.04795700276804,47.18367578177248,78.95335131136578,7.948909153789539,Original
MAPT_3435_Asymmetric_2'-OMe Rich,MAPT,NM_001123066,UGCUGCCAUGAUUUUGGCCA,UCUGAAGGUUGGAACUGCUGCCAUGAUUUUGGCCACUUUGCAGACCUGGG,101.82355689953691,18.613499064035153,50.822471334876774,0.7245603258033511,Original
MAPT_3494_Asymmetric_2'-OMe Rich,MAPT,NM_001123066,UGUAAGGACUUGUGCCUCUU,CUAACCAGUUCUCUUUGUAAGGACUUGUGCCUCUUGGGAGACGUCCACCC,101.76100826445976,21.20260993955224,67.66946951120907,7.088121815873352,Original
MAPT_3795_Asymmetric_2'-OMe Rich,MAPT,NM_001123066,CAAAGUCCAGGCACAAGAGU,GAAAUUAAGGGAAGGCAAAGUCCAGGCACAAGAGUGGGACCCCAGCCUCU,89.33693471824854,24.23781709858529,89.23630896059633,7.128485098858973,Original
MAPT_3883_Asymmetric_2'-OMe Rich,MAPT,NM_001123066,GAUUCGGUUCCCUGUCUCCU,CGAAUCUCAUGAUCUGAUUCGGUUCCCUGUCUCCUCCUCCCGUCACAGAU,97.76454815550608,17.72161786923039,92.1532238342513,14.511361525294243,Original
MAPT_4275_Asymmetric_2'-OMe Rich,MAPT,NM_001123066,CUGCUGGAGCAGCUGAACAU,GCCAUGCUGUCUGUUCUGCUGGAGCAGCUGAACAUAUACAUAGAUGUUGC,81.74676869834434,11.967868981246887,75.03923862149996,3.2636519687712178,Original
MAPT_4346_Asymmetric_2'-OMe Rich,MAPT,NM_001123066,UGGAUUUGUCUGUUUAUGCU,CUGUUGAGUUGUAGUUGGAUUUGUCUGUUUAUGCUUGGAUUCACCAGAGU,49.163828385224605,12.230084810472839,7.365722095879273,0.6282927540313492,Original
MAPT_4538_Asymmetric_2'-OMe Rich,MAPT,NM_001123066,UUUUGAAAGGCUUUCCUCAG,CUGGGGCCUCCCAAGUUUUGAAAGGCUUUCCUCAGCACCUGGGACCCAAC,75.43395835328215,7.427045342001728,29.352447948547834,2.81110145656562,Original
MAPT_4636_Asymmetric_2'-OMe Rich,MAPT,NM_001123066,UAGGACUGAAGCGAUGAUGU,CCUGAAGCACAGGAUUAGGACUGAAGCGAUGAUGUCCCCUUCCCUACUUC,55.000682607899165,0.7124711023717192,47.24206457860654,6.52752273849106,Original
MAPT_4954_Asymmetric_2'-OMe Rich,MAPT,NM_001123066,GGGAUUGGGAUGAAUUGCCU,CCUGCGACCACAGCAGGGAUUGGGAUGAAUUGCCUGUCCUGGAUCUGCUC,60.88877661786333,3.186890702155928,16.5383605113431,1.7008138529772847,Original
MAPT_5036_Asymmetric_2'-OMe Rich,MAPT,NM_001123066,GAGACACUGUUCCCAAAGCC,GACUUGACAAGUCAGGAGACACUGUUCCCAAAGCCUUGACCAGAGCACCU,75.09277622992704,5.715843586418479,64.11073265969343,3.6174685650809337,Original
MAPT_5178_Asymmetric_2'-OMe Rich,MAPT,NM_001123066,GCCACUUCUGGUUUGGGUAC,CUCAGGCCCAAUUCUGCCACUUCUGGUUUGGGUACAGUUAAAGGCAACCC,86.87710755058112,1.7213956604320106,70.1088198471432,4.625858534565635,Original
MAPT_5269_Asymmetric_2'-OMe Rich,MAPT,NM_001123066,CAGCUAGAGCUUUACCUGAA,UGGCAGCUUCGUGUGCAGCUAGAGCUUUACCUGAAAGGAAGUCUCUGGGC,90.13637291383615,21.454061098863644,32.831457049489536,1.4076851657613458,Original
MAPT_5468_Asymmetric_2'-OMe Rich,MAPT,NM_001123066,ACCUCGGUUCCUCUUCCUGA,UGCAUUUCUUCACGCACCUCGGUUCCUCUUCCUGAAGUUCUUGUGCCCUG,70.33804515437173,12.653720264092318,52.32142670102083,9.915742950925553,Original
MAPT_5573_Asymmetric_2'-OMe Rich,MAPT,NM_001123066,GCCAGCCUAAGAUCAUGGUU,GGGCAGGCUCUUGGGGCCAGCCUAAGAUCAUGGUUUAGGGUGAUCAGUGC,61.34459640106926,10.917206098247021,68.41858857511836,10.122801951487643,Original
MAPT_5762_Asymmetric_2'-OMe Rich,MAPT,NM_001123066,AAGCUGCUGACUCACUUUAU,UAUGCCGGCUCCUUCAAGCUGCUGACUCACUUUAUCAAUAGUUCCAUUUA,60.77773848254864,4.280095456290575,55.03197565710584,2.59923320726673,Original
MAPT_5812_Asymmetric_2'-OMe Rich,MAPT,NM_001123066,UGAGACUGUAUCCUGUUUGC,AAUUGACUUCAGUGGUGAGACUGUAUCCUGUUUGCUAUUGCUUGUUGUGC,41.78048109856416,1.890308426878566,26.286844650387966,4.533925133208435,Original
MAPT_5998_Asymmetric_2'-OMe Rich,MAPT,NM_001123066,GGUUUCUCUUUUCCACUGAC,GUUAGAGGCCCUUGGGGUUUCUCUUUUCCACUGACAGGCUUUCCCAGGCA,109.11226718656246,28.50282839014422,41.77755223429793,8.813757832691334,Original
MAPT_6118_Asymmetric_2'-OMe Rich,MAPT,NM_001123066,GGUCCUAAGCCCACAAUCAU,CUGCCCUCUUUCAGGGGUCCUAAGCCCACAAUCAUGCCUCCCUAAGACCU,81.1565834803596,16.91300369194599,63.909038607779564,20.673837787340226,Original
MAPT_6310_Asymmetric_2'-OMe Rich,MAPT,NM_001123066,UCACCUGCGUGUCCCAUCUA,CGAGGGCAGAGGUGAUCACCUGCGUGUCCCAUCUACAGACCUGCAGCUUC,73.03559139047826,14.30478644485975,49.2838398928202,2.6106365641632894,Original
MAPT_6369_Asymmetric_2'-OMe Rich,MAPT,NM_001123066,CUUUGAAAAGGGUUACCCUG,CUGAUUUCUCUUCAGCUUUGAAAAGGGUUACCCUGGGCACUGGCCUAGAG,74.49764779879708,5.928759907162551,43.3843293497467,17.726070719999925,Original
MAPT_6527_Asymmetric_2'-OMe Rich,MAPT,NM_001123066,UUAGCUUAGCUUUCUGUCUG,GGACAUGAAAUCAUCUUAGCUUAGCUUUCUGUCUGUGAAUGUCUAUAUAG,71.4353462462375,16.944880712732232,11.880346017547597,3.182414454675864,Original
MAPT_6578_Asymmetric_2'-OMe Rich,MAPT,NM_001123066,ACAAAUGAUUUACACUGACU,GUAUUGUGUGUUUUAACAAAUGAUUUACACUGACUGUUGCUGUAAAAGUG,43.133545470298024,1.7712158496868824,30.715780085181432,8.850094020291365,Original
MAPT_6612_Asymmetric_2'-OMe Rich,MAPT,NM_001123066,GAAUUUGGAAAUAAAGUUAU,UGUUGCUGUAAAAGUGAAUUUGGAAAUAAAGUUAUUACUCUGAUUAAA??,84.28835255590131,4.766902928373254,57.368577713390806,3.448171921996857,Original
SNCA_486_Asymmetric_2'-OMe Rich,SNCA,NM_000345,AAUUCAUUAGCCAUGGAUGU,AGUGUGGUGUAAAGGAAUUCAUUAGCCAUGGAUGUAUUCAUGAAAGGACU,115.39833788657967,6.388254783584533,50.88695030036033,16.985519335484344,Original
SNCA_549_Asymmetric_2'-OMe Rich,SNCA,NM_000345,GCUGCUGAGAAAACCAAACA,GAGGGAGUUGUGGCUGCUGCUGAGAAAACCAAACAGGGUGUGGCAGAAGC,124.04386339904114,8.380604946156778,49.76969365816287,5.470733524488777,Original
SNCA_610_Asymmetric_2'-OMe Rich,SNCA,NM_000345,UCUAUGUAGGCUCCAAAACC,CAAAAGAGGGUGUUCUCUAUGUAGGCUCCAAAACCAAGGAGGGAGUGGUG,117.40719409413843,10.289352443360197,64.35811179461668,3.076613455593941,Original
SNCA_681_Asymmetric_2'-OMe Rich,SNCA,NM_000345,CAAGUGACAAAUGUUGGAGG,GAGAAGACCAAAGAGCAAGUGACAAAUGUUGGAGGAGCAGUGGUGACGGG,157.71883803897813,34.48118383412276,66.61753490664556,18.10072916033533,Original
SNCA_1200_Asymmetric_2'-OMe Rich,SNCA,NM_000345,AUGAGGCUUAUGAAAUGCCU,CUGUGGAUCCUGACAAUGAGGCUUAUGAAAUGCCUUCUGAGGAAGGGUAU,118.09168011503834,33.647411914894164,65.15801928383912,22.11611029641084,Original
SNCA_1252_Asymmetric_2'-OMe Rich,SNCA,NM_000345,AGCCUAAGAAAUAUCUUUGC,AGACUACGAACCUGAAGCCUAAGAAAUAUCUUUGCUCCCAGUUUCUUGAG,89.46981088746618,33.778538538392425,51.034640223024006,17.32015742931738,Original
SNCA_1304_Asymmetric_2'-OMe Rich,SNCA,NM_000345,CCAUCCUGUACAAGUGCUCA,CUGCUGACAGAUGUUCCAUCCUGUACAAGUGCUCAGUUCCAAUGUGCCCA,47.605850286173826,6.0007885097062275,70.40635932773773,10.062631869462985,Original
SNCA_1355_Asymmetric_2'-OMe Rich,SNCA,NM_000345,AAGUUUUUACAGUGUAUCUC,UCAUGACAUUUCUCAAAGUUUUUACAGUGUAUCUCGAAGUCUUCCAUCAG,49.48802560452854,7.69239127840054,44.7019991451344,11.162914340706934,Original
SNCA_1424_Asymmetric_2'-OMe Rich,SNCA,NM_000345,GCAUUUCGGUGCUUCCCUUU,ACCUGCCCCCACUCAGCAUUUCGGUGCUUCCCUUUCACUGAAGUGAAUAC,80.27304902167243,9.662394925714871,83.12595731378453,22.59331405476299,Original
SNCA_1475_Asymmetric_2'-OMe Rich,SNCA,NM_000345,UGUGUGCUGUGGAUUUUGUG,UGGUAGCAGGGUCUUUGUGUGCUGUGGAUUUUGUGGCUUCAAUCUACGAU,95.22498764438673,30.873804988021146,59.974107143673336,6.553152209889131,Original
SNCA_1530_Asymmetric_2'-OMe Rich,SNCA,NM_000345,CCUAAGUGACUACCACUUAU,AACAAAUUAAAAACACCUAAGUGACUACCACUUAUUUCUAAAUCCUCACU,94.10099917920657,5.861188107179134,90.25206819980976,22.54460474185454,Original
SNCA_1586_Asymmetric_2'-OMe Rich,SNCA,NM_000345,AGAAGUUGUUAGUGAUUUGC,UUGUUGCUGUUGUUCAGAAGUUGUUAGUGAUUUGCUAUCAUAUAUUAUAA,35.71041652820223,9.381581834632668,20.424233356944203,4.525278270774154,Original
SNCA_1636_Asymmetric_2'-OMe Rich,SNCA,NM_000345,UUUAAUGAUACUGUCUAAGA,GAUUUUUAGGUGUCUUUUAAUGAUACUGUCUAAGAAUAAUGACGUAUUGU,49.65183767315702,6.876734777888155,41.7646231185576,11.636813737872592,Original
